[
  {
    "_id": "6813cb751dd483057c850798",
    "title": "finger print flex",
    "description": "",
    "user": "admin",
    "location": "680be139299255a576d058ba",
    "createdAt": "2025-05-01T19:28:53.907Z",
    "updatedAt": "2025-05-01T19:28:53.907Z",
    "__v": 0
  },
  {
    "_id": "6813cba81dd483057c85079e",
    "title": "tecno finger print flex",
    "description": "",
    "user": "admin",
    "location": "680be139299255a576d058ba",
    "createdAt": "2025-05-01T19:29:44.526Z",
    "updatedAt": "2025-05-01T19:29:44.526Z",
    "__v": 0
  },
  {
    "_id": "682c758e374cf90149d2b85f",
    "title": "screen flex",
    "description": "for one plus",
    "user": "admin",
    "location": "680be139299255a576d058ba",
    "createdAt": "2025-05-20T12:29:02.457Z",
    "updatedAt": "2025-05-20T12:29:02.457Z",
    "__v": 0
  },
  {
    "_id": "68558b5f1bff282efc1a5f21",
    "title": "sdfdew",
    "description": "",
    "user": "",
    "location": "680be139299255a576d058ba",
    "createdAt": "2025-06-20T16:25:03.120Z",
    "updatedAt": "2025-06-20T16:25:03.120Z",
    "__v": 0
  },
  {
    "_id": "68558b621bff282efc1a5f24",
    "title": "sdfdewaefw",
    "description": "",
    "user": "",
    "location": "680be139299255a576d058ba",
    "createdAt": "2025-06-20T16:25:06.448Z",
    "updatedAt": "2025-06-20T16:25:06.448Z",
    "__v": 0
  },
  {
    "_id": "68558b661bff282efc1a5f27",
    "title": "wgrw",
    "description": "",
    "user": "",
    "location": "680be139299255a576d058ba",
    "createdAt": "2025-06-20T16:25:10.524Z",
    "updatedAt": "2025-06-20T16:25:10.524Z",
    "__v": 0
  },
  {
    "_id": "68558b691bff282efc1a5f2a",
    "title": "wgrwvr",
    "description": "",
    "user": "",
    "location": "680be139299255a576d058ba",
    "createdAt": "2025-06-20T16:25:13.419Z",
    "updatedAt": "2025-06-20T16:25:13.419Z",
    "__v": 0
  },
  {
    "_id": "68558b6d1bff282efc1a5f2d",
    "title": "collections",
    "description": "",
    "user": "",
    "location": "680be139299255a576d058ba",
    "createdAt": "2025-06-20T16:25:17.293Z",
    "updatedAt": "2025-06-20T16:25:17.293Z",
    "__v": 0
  },
  {
    "_id": "68558b711bff282efc1a5f30",
    "title": "iowrgio3",
    "description": "",
    "user": "",
    "location": "680be139299255a576d058ba",
    "createdAt": "2025-06-20T16:25:21.364Z",
    "updatedAt": "2025-06-20T16:25:21.364Z",
    "__v": 0
  },
  {
    "_id": "68558b761bff282efc1a5f33",
    "title": "collection",
    "description": "",
    "user": "",
    "location": "680be139299255a576d058ba",
    "createdAt": "2025-06-20T16:25:26.447Z",
    "updatedAt": "2025-06-20T16:25:26.447Z",
    "__v": 0
  },
  {
    "_id": "68558b791bff282efc1a5f36",
    "title": "lkiowhrgrhwi",
    "description": "",
    "user": "",
    "location": "680be139299255a576d058ba",
    "createdAt": "2025-06-20T16:25:29.892Z",
    "updatedAt": "2025-06-20T16:25:29.892Z",
    "__v": 0
  },
  {
    "_id": "68558b801bff282efc1a5f39",
    "title": "qoewififw",
    "description": "",
    "user": "",
    "location": "680be139299255a576d058ba",
    "createdAt": "2025-06-20T16:25:36.996Z",
    "updatedAt": "2025-06-20T16:25:36.996Z",
    "__v": 0
  },
  {
    "_id": "68558b881bff282efc1a5f3c",
    "title": "wigenru",
    "description": "",
    "user": "",
    "location": "680be139299255a576d058ba",
    "createdAt": "2025-06-20T16:25:44.493Z",
    "updatedAt": "2025-06-20T16:25:44.493Z",
    "__v": 0
  },
  {
    "_id": "68558ba51bff282efc1a5f49",
    "title": "ekiprhgoieg",
    "description": "",
    "user": "",
    "location": "680be139299255a576d058ba",
    "createdAt": "2025-06-20T16:26:13.997Z",
    "updatedAt": "2025-06-20T16:26:13.997Z",
    "__v": 0
  },
  {
    "_id": "68558baa1bff282efc1a5f4c",
    "title": "jetrbuhfdi",
    "description": "",
    "user": "",
    "location": "680be139299255a576d058ba",
    "createdAt": "2025-06-20T16:26:18.343Z",
    "updatedAt": "2025-06-20T16:26:18.343Z",
    "__v": 0
  },
  {
    "_id": "68558bad1bff282efc1a5f4f",
    "title": "weigruhud",
    "description": "",
    "user": "",
    "location": "680be139299255a576d058ba",
    "createdAt": "2025-06-20T16:26:21.686Z",
    "updatedAt": "2025-06-20T16:26:21.686Z",
    "__v": 0
  },
  {
    "_id": "68558bb31bff282efc1a5f52",
    "title": ",fvnr",
    "description": "",
    "user": "",
    "location": "680be139299255a576d058ba",
    "createdAt": "2025-06-20T16:26:27.021Z",
    "updatedAt": "2025-06-20T16:26:27.021Z",
    "__v": 0
  },
  {
    "_id": "68558bb71bff282efc1a5f55",
    "title": "wiuruig",
    "description": "",
    "user": "",
    "location": "680be139299255a576d058ba",
    "createdAt": "2025-06-20T16:26:31.469Z",
    "updatedAt": "2025-06-20T16:26:31.469Z",
    "__v": 0
  },
  {
    "_id": "68558bbb1bff282efc1a5f58",
    "title": "iwehir",
    "description": "",
    "user": "",
    "location": "680be139299255a576d058ba",
    "createdAt": "2025-06-20T16:26:35.392Z",
    "updatedAt": "2025-06-20T16:26:35.392Z",
    "__v": 0
  },
  {
    "_id": "68558bc01bff282efc1a5f5b",
    "title": "peirov",
    "description": "",
    "user": "",
    "location": "680be139299255a576d058ba",
    "createdAt": "2025-06-20T16:26:40.221Z",
    "updatedAt": "2025-06-20T16:26:40.221Z",
    "__v": 0
  },
  {
    "_id": "68558bc41bff282efc1a5f5e",
    "title": "kfvnuiehrw",
    "description": "",
    "user": "",
    "location": "680be139299255a576d058ba",
    "createdAt": "2025-06-20T16:26:44.656Z",
    "updatedAt": "2025-06-20T16:26:44.656Z",
    "__v": 0
  },
  {
    "_id": "68558c3d1bff282efc1a5f82",
    "title": "aneiofhf",
    "description": "",
    "user": "",
    "location": "680be139299255a576d058ba",
    "createdAt": "2025-06-20T16:28:45.504Z",
    "updatedAt": "2025-06-20T16:28:45.504Z",
    "__v": 0
  },
  {
    "_id": "68558c411bff282efc1a5f85",
    "title": "avniwr",
    "description": "",
    "user": "",
    "location": "680be139299255a576d058ba",
    "createdAt": "2025-06-20T16:28:49.590Z",
    "updatedAt": "2025-06-20T16:28:49.590Z",
    "__v": 0
  },
  {
    "_id": "68558c471bff282efc1a5f88",
    "title": "adir",
    "description": "",
    "user": "",
    "location": "680be139299255a576d058ba",
    "createdAt": "2025-06-20T16:28:55.699Z",
    "updatedAt": "2025-06-20T16:28:55.699Z",
    "__v": 0
  },
  {
    "_id": "68558c4b1bff282efc1a5f8b",
    "title": "aifeutheth",
    "description": "",
    "user": "",
    "location": "680be139299255a576d058ba",
    "createdAt": "2025-06-20T16:28:59.396Z",
    "updatedAt": "2025-06-20T16:28:59.396Z",
    "__v": 0
  }
]
