[
  {
    "_id": "680d0b58db0e07a1043edb7f",
    "name": "steven",
    "email": "",
    "phone_number": "090809098",
    "address": "",
    "total_spent": 12050,
    "total_returns": 0,
    "tootal_refund": 0,
    "orders": [
      "6839c51036866405f43dc74c",
      "6839d5f86a25edf72cc407bd",
      "684304c482b47e7017d8f881"
    ],
    "returns": [],
    "initiator": "admin",
    "createdAt": "2025-04-26T16:35:36.603Z",
    "updatedAt": "2025-06-06T15:09:56.360Z",
    "__v": 3
  },
  {
    "_id": "680d751695031fbaf1aeaed5",
    "name": "esther",
    "email": "n",
    "phone_number": "08086888048",
    "address": "",
    "total_spent": 11052,
    "total_returns": 0,
    "tootal_refund": 0,
    "orders": [
      "68128610342b968adb2dccff"
    ],
    "returns": [],
    "initiator": "admin",
    "createdAt": "2025-04-27T00:06:46.199Z",
    "updatedAt": "2025-04-30T20:20:33.037Z",
    "__v": 1
  },
  {
    "_id": "680d8740286c642084b9eb76",
    "name": "kelvin",
    "email": "o",
    "phone_number": "08061451861",
    "address": "",
    "total_spent": 99970,
    "total_returns": 0,
    "tootal_refund": 0,
    "orders": [
      "680f5c37494bb17966647584",
      "680fbd2d2cb52315fd249ce2",
      "681033f75a233be8f87d8902",
      "681036d311955e4253f52660",
      "681036fc11955e4253f52689",
      "681037c6f76b1da34a92df69",
      "68103b0a5874a8a445abcf1d",
      "68103bd58321096be93edc98",
      "68103c627dff27c195d1d719",
      "68103d8d1e3744a0c70c3ba0",
      "68103e0a55ec1df12269598d",
      "68103f2855ec1df1226959c2",
      "68103fb947d8e3a4f7479153",
      "68103fed6735434454f617c2",
      "68104290bbaa19d3df3780f1",
      "681043625d16b1d8c1205db7",
      "6829e30d23ae20a9c222fe08",
      "6839dee26a25edf72cc40b22"
    ],
    "returns": [],
    "initiator": "admin",
    "createdAt": "2025-04-27T01:24:16.950Z",
    "updatedAt": "2025-05-30T16:37:54.207Z",
    "__v": 18
  },
  {
    "_id": "6813c7831dd483057c850743",
    "name": "vivian",
    "email": "rgfd",
    "phone_number": "09064706633",
    "address": "",
    "total_spent": 49390,
    "total_returns": 0,
    "tootal_refund": 0,
    "orders": [
      "6839c4a136866405f43dc6bf",
      "6842ff8cc3cc5ebb16df3435"
    ],
    "returns": [],
    "initiator": "admin",
    "createdAt": "2025-05-01T19:12:03.831Z",
    "updatedAt": "2025-06-06T14:47:40.298Z",
    "__v": 2
  },
  {
    "_id": "682cc7e7202cde60e82750f2",
    "name": "chioma",
    "email": "ipgoiho",
    "phone_number": "07030850552",
    "address": "",
    "total_spent": 5080,
    "total_returns": 0,
    "tootal_refund": 0,
    "orders": [
      "682cc81e202cde60e8275126",
      "6839c47c36866405f43dc68f"
    ],
    "returns": [],
    "initiator": "admin",
    "createdAt": "2025-05-20T18:20:23.852Z",
    "updatedAt": "2025-05-30T14:45:16.383Z",
    "__v": 2
  },
  {
    "_id": "682ccc77202cde60e8275172",
    "name": "lynda",
    "email": "rich",
    "phone_number": "098543456677",
    "address": "",
    "total_spent": 10420,
    "total_returns": 0,
    "tootal_refund": 0,
    "orders": [
      "682ccd88202cde60e8275206",
      "6839c4de36866405f43dc6f9"
    ],
    "returns": [],
    "initiator": "admin",
    "createdAt": "2025-05-20T18:39:51.066Z",
    "updatedAt": "2025-05-30T14:46:54.102Z",
    "__v": 2
  },
  {
    "_id": "682cce3b202cde60e8275289",
    "name": "Rich",
    "email": "richie",
    "phone_number": "07039680324",
    "address": "",
    "total_spent": 29950,
    "total_returns": 0,
    "tootal_refund": 0,
    "orders": [
      "682cce8e202cde60e8275330"
    ],
    "returns": [],
    "initiator": "admin",
    "createdAt": "2025-05-20T18:47:23.648Z",
    "updatedAt": "2025-05-20T18:48:46.287Z",
    "__v": 1
  }
]
