[
  {
    "_id": "680f962f2cb52315fd249c7b",
    "customer": "680d8740286c642084b9eb76",
    "issuedDate": "2025-04-28T14:50:37.137Z",
    "dueDate": "2025-04-28T14:50:37.137Z",
    "invoiceNumber": "INV-1745851837",
    "recurring": "none",
    "items": [
      {
        "_id": "680c4e7b3c0a41e0fcf70588",
        "title": "main flex/lcd flex",
        "quantity": 4,
        "price": 1200,
        "total": 4800
      },
      {
        "_id": "680c4ae53c0a41e0fcf70558",
        "title": "huawei charging ports",
        "quantity": 3,
        "price": 1300,
        "total": 3900
      },
      {
        "_id": "680c4e9a3c0a41e0fcf7058b",
        "title": "camera glasses",
        "quantity": 2,
        "price": 450,
        "total": 900
      }
    ],
    "discount": 10,
    "totalAmount": 8640,
    "tax": 0,
    "previouslyPaidAmount": 0,
    "status": "pending",
    "bank": "67dfe9c71bd1246eebfbfb26",
    "note": "Thank you for your business",
    "initiator": "admin",
    "location": "680be139299255a576d058ba",
    "createdAt": "2025-04-28T14:52:31.101Z",
    "updatedAt": "2025-04-28T14:52:31.101Z",
    "__v": 0
  },
  {
    "_id": "681032885a233be8f87d88ed",
    "customer": "680d8740286c642084b9eb76",
    "issuedDate": "2025-04-29T01:57:39.943Z",
    "dueDate": "2025-04-29T23:00:00.000Z",
    "invoiceNumber": "INV-1745891859",
    "recurring": "daily",
    "items": [
      {
        "_id": "680c4e7b3c0a41e0fcf70588",
        "title": "main flex/lcd flex",
        "quantity": 5,
        "price": 1200,
        "total": 6000
      },
      {
        "_id": "680c3a64e42d2e8f3e55117c",
        "title": "samsung charging board",
        "quantity": 1,
        "price": 1000,
        "total": 1000
      },
      {
        "_id": "680c4f8e3c0a41e0fcf7059d",
        "title": "andriod screws",
        "quantity": 6,
        "price": 30,
        "total": 180
      }
    ],
    "discount": 2000,
    "totalAmount": 5180,
    "tax": 0,
    "previouslyPaidAmount": 0,
    "status": "paid",
    "bank": "67dfe9c71bd1246eebfbfb26",
    "note": "Thank you for your business",
    "initiator": "admin",
    "location": "680be139299255a576d058ba",
    "createdAt": "2025-04-29T01:59:36.882Z",
    "updatedAt": "2025-04-29T03:11:30.403Z",
    "__v": 0,
    "transactionId": "03yl92b0uo"
  },
  {
    "_id": "68124ac9e4eaaa3f9b0e826e",
    "customer": "680d751695031fbaf1aeaed5",
    "issuedDate": "2025-04-30T16:06:38.537Z",
    "dueDate": "2025-04-30T16:06:38.537Z",
    "invoiceNumber": "INV-1746029198",
    "recurring": "daily",
    "items": [
      {
        "_id": "680c4f543c0a41e0fcf7059a",
        "title": "iphone screws",
        "quantity": 9,
        "price": 20,
        "total": 180
      },
      {
        "_id": "680c4ae53c0a41e0fcf70558",
        "title": "huawei charging ports",
        "quantity": 5,
        "price": 1300,
        "total": 6500
      },
      {
        "_id": "680c4b443c0a41e0fcf7055c",
        "title": "alcatel battery connector",
        "quantity": 4,
        "price": 1400,
        "total": 5600
      }
    ],
    "discount": 1228,
    "totalAmount": 11052,
    "tax": 0,
    "previouslyPaidAmount": 0,
    "status": "paid",
    "transactionId": "0xdnddn0j2",
    "bank": "67dfe9c71bd1246eebfbfb26",
    "note": "Thank you for your business",
    "initiator": "admin",
    "location": "680be139299255a576d058ba",
    "createdAt": "2025-04-30T16:07:37.309Z",
    "updatedAt": "2025-04-30T20:20:33.312Z",
    "__v": 0
  },
  {
    "_id": "6813d0651dd483057c8508e4",
    "customer": "6813c7831dd483057c850743",
    "issuedDate": "2025-05-01T19:45:22.100Z",
    "dueDate": "2025-05-01T19:45:22.100Z",
    "invoiceNumber": "INV-1746128722",
    "recurring": "none",
    "items": [
      {
        "_id": "680c4fac3c0a41e0fcf705a0",
        "title": "speakers",
        "quantity": 88,
        "price": 300,
        "total": 26400
      },
      {
        "_id": "680c4e9a3c0a41e0fcf7058b",
        "title": "camera glasses",
        "quantity": 19,
        "price": 450,
        "total": 8550
      }
    ],
    "discount": 3495,
    "totalAmount": 31455,
    "tax": 0,
    "previouslyPaidAmount": 0,
    "status": "pending",
    "transactionId": "",
    "bank": "67dfe9c71bd1246eebfbfb26",
    "note": "Thank you for your business",
    "initiator": "admin",
    "location": "680be139299255a576d058ba",
    "createdAt": "2025-05-01T19:49:57.175Z",
    "updatedAt": "2025-05-01T19:49:57.175Z",
    "__v": 0
  },
  {
    "_id": "682ccf30202cde60e82753c7",
    "customer": "682cce3b202cde60e8275289",
    "issuedDate": "2025-05-20T18:50:03.394Z",
    "dueDate": "2025-05-20T18:50:03.394Z",
    "invoiceNumber": "INV-1747767003",
    "recurring": "none",
    "items": [
      {
        "_id": "680c4e9a3c0a41e0fcf7058b",
        "title": "camera glasses",
        "quantity": 3,
        "price": 450,
        "total": 1350
      },
      {
        "_id": "682b216b0ab0a1fb91fafb5f",
        "title": "finger print fix",
        "quantity": 1,
        "price": 100,
        "total": 100
      },
      {
        "_id": "680c4ae53c0a41e0fcf70558",
        "title": "huawei charging ports",
        "quantity": 3,
        "price": 1300,
        "total": 3900
      },
      {
        "_id": "680c4e7b3c0a41e0fcf70588",
        "title": "main flex/lcd flex",
        "quantity": 3,
        "price": 1200,
        "total": 3600
      },
      {
        "_id": "680c4f1d3c0a41e0fcf70594",
        "title": "mouthpiece",
        "quantity": 2,
        "price": 300,
        "total": 600
      }
    ],
    "discount": 0,
    "totalAmount": 9550,
    "tax": 0,
    "previouslyPaidAmount": 0,
    "status": "pending",
    "transactionId": "",
    "bank": "67dfe9c71bd1246eebfbfb26",
    "note": "Thank you for your business",
    "initiator": "admin",
    "location": "680be139299255a576d058ba",
    "createdAt": "2025-05-20T18:51:28.752Z",
    "updatedAt": "2025-05-20T18:51:28.752Z",
    "__v": 0
  }
]
