[
  {
    "_id": "68128611342b968adb2dcd0d",
    "type": "LowStock",
    "message": "product undefined is running low on stock.",
    "recipients": [
      "Admin"
    ],
    "isRead": [],
    "location": "680be139299255a576d058ba",
    "createdAt": "2025-04-30T20:20:33.023Z",
    "updatedAt": "2025-04-30T20:20:33.023Z",
    "__v": 0
  },
  {
    "_id": "68299f19a7abb6691331ab1e",
    "type": "LowStock",
    "message": "product undefined is running low on stock.",
    "recipients": [
      "Admin"
    ],
    "isRead": [],
    "location": "680be139299255a576d058ba",
    "createdAt": "2025-05-18T08:49:29.797Z",
    "updatedAt": "2025-05-18T08:49:29.797Z",
    "__v": 0
  },
  {
    "_id": "6829e30d23ae20a9c222fe1f",
    "type": "LowStock",
    "message": "product undefined is running low on stock.",
    "recipients": [
      "Admin"
    ],
    "isRead": [],
    "location": "680be139299255a576d058ba",
    "createdAt": "2025-05-18T13:39:25.762Z",
    "updatedAt": "2025-05-18T13:39:25.762Z",
    "__v": 0
  },
  {
    "_id": "6829e30d23ae20a9c222fe59",
    "type": "LowStock",
    "message": "product undefined is running low on stock.",
    "recipients": [
      "Admin"
    ],
    "isRead": [],
    "location": "680be139299255a576d058ba",
    "createdAt": "2025-05-18T13:39:25.988Z",
    "updatedAt": "2025-05-18T13:39:25.988Z",
    "__v": 0
  },
  {
    "_id": "682ccd88202cde60e827523d",
    "type": "LowStock",
    "message": "product undefined is running low on stock.",
    "recipients": [
      "Admin"
    ],
    "isRead": [],
    "location": "680be139299255a576d058ba",
    "createdAt": "2025-05-20T18:44:24.357Z",
    "updatedAt": "2025-05-20T18:44:24.357Z",
    "__v": 0
  },
  {
    "_id": "682cce8e202cde60e827537c",
    "type": "LowStock",
    "message": "product undefined is running low on stock.",
    "recipients": [
      "Admin"
    ],
    "isRead": [],
    "location": "680be139299255a576d058ba",
    "createdAt": "2025-05-20T18:48:46.203Z",
    "updatedAt": "2025-05-20T18:48:46.203Z",
    "__v": 0
  },
  {
    "_id": "6839c4de36866405f43dc6ff",
    "type": "LowStock",
    "message": "product undefined is running low on stock.",
    "recipients": [
      "Admin"
    ],
    "isRead": [],
    "location": "680be139299255a576d058ba",
    "createdAt": "2025-05-30T14:46:54.040Z",
    "updatedAt": "2025-05-30T14:46:54.040Z",
    "__v": 0
  },
  {
    "_id": "6839d5f86a25edf72cc407c2",
    "type": "LowStock",
    "message": "product undefined is running low on stock.",
    "recipients": [
      "Admin"
    ],
    "isRead": [],
    "location": "680be139299255a576d058ba",
    "createdAt": "2025-05-30T15:59:52.260Z",
    "updatedAt": "2025-05-30T15:59:52.260Z",
    "__v": 0
  }
]
