[
  {
    "_id": "680c57d7f1c6b9b8584d6966",
    "initiator": "admin",
    "productId": "680c3a64e42d2e8f3e55117c",
    "quantity": 300,
    "price": 400,
    "total": 120000,
    "totalPayable": 120000,
    "purchaseDate": "2025-04-26T03:48:54.617Z",
    "status": "delivered",
    "paymentMethod": "",
    "shippingAddress": "",
    "notes": "",
    "supplier": "680c578ef1c6b9b8584d695c",
    "expiryDate": "2025-04-26T03:48:54.617Z",
    "transfer": 120000,
    "cash": 0,
    "card": 0,
    "debt": 0,
    "discount": 0,
    "deliveryDate": "2025-04-26T03:48:54.617Z",
    "location": "680be139299255a576d058ba",
    "outStandingPayments": [],
    "damagedGoods": [],
    "sold": [
      {
        "amount": 1,
        "price": 1000,
        "_id": "681036fc11955e4253f52682"
      },
      {
        "amount": 1,
        "price": 1000,
        "_id": "681037c6f76b1da34a92df61"
      },
      {
        "amount": 1,
        "price": 1000,
        "_id": "68103b0a5874a8a445abcf17"
      },
      {
        "amount": 1,
        "price": 1000,
        "_id": "68103bd58321096be93edc91"
      },
      {
        "amount": 1,
        "price": 1000,
        "_id": "68103c627dff27c195d1d711"
      },
      {
        "amount": 1,
        "price": 1000,
        "_id": "68103d8d1e3744a0c70c3b97"
      },
      {
        "amount": 1,
        "price": 1000,
        "_id": "68103e0a55ec1df122695983"
      },
      {
        "amount": 1,
        "price": 1000,
        "_id": "68103f2855ec1df1226959b7"
      },
      {
        "amount": 1,
        "price": 1000,
        "_id": "68103fb947d8e3a4f7479147"
      },
      {
        "amount": 1,
        "price": 1000,
        "_id": "68103fed6735434454f617b5"
      },
      {
        "amount": 1,
        "price": 1000,
        "_id": "68104290bbaa19d3df3780e3"
      },
      {
        "amount": 1,
        "price": 1000,
        "_id": "681043615d16b1d8c1205da8"
      },
      {
        "amount": 1,
        "price": 1000,
        "_id": "6829e30d23ae20a9c222fdfd"
      },
      {
        "amount": 1,
        "price": 1000,
        "_id": "682ccd88202cde60e82751f7"
      },
      {
        "amount": 2,
        "price": 1000,
        "_id": "682cce8d202cde60e8275307"
      },
      {
        "amount": 1,
        "price": 1000,
        "_id": "6839c4de36866405f43dc6f7"
      },
      {
        "amount": 1,
        "price": 1000,
        "_id": "6842ff8cc3cc5ebb16df342d"
      }
    ],
    "createdAt": "2025-04-26T03:49:43.184Z",
    "updatedAt": "2025-06-06T14:47:40.127Z",
    "__v": 23
  },
  {
    "_id": "680cc06df1c6b9b8584d69aa",
    "initiator": "admin",
    "productId": "680c3dbee42d2e8f3e551180",
    "quantity": 2200,
    "price": 500,
    "total": 1100000,
    "totalPayable": 1100000,
    "purchaseDate": "2025-04-26T11:04:08.037Z",
    "status": "delivered",
    "paymentMethod": "",
    "shippingAddress": "",
    "notes": "",
    "supplier": "680c578ef1c6b9b8584d695c",
    "expiryDate": "2025-04-26T11:04:08.037Z",
    "transfer": 1100000,
    "cash": 0,
    "card": 0,
    "debt": 0,
    "discount": 0,
    "deliveryDate": "2025-04-26T11:04:08.037Z",
    "location": "680be139299255a576d058ba",
    "outStandingPayments": [],
    "damagedGoods": [],
    "sold": [
      {
        "amount": 1,
        "price": 1500,
        "_id": "6829e30d23ae20a9c222fdcc"
      },
      {
        "amount": 2,
        "price": 1500,
        "_id": "682cce8d202cde60e82752e2"
      },
      {
        "amount": 1,
        "price": 1500,
        "_id": "6842ff39c3cc5ebb16df33a4"
      },
      {
        "amount": 1,
        "price": 1500,
        "_id": "6842ff8cc3cc5ebb16df3407"
      },
      {
        "amount": 3,
        "price": 1500,
        "_id": "684304c482b47e7017d8f87f"
      },
      {
        "amount": 1,
        "price": 1500,
        "_id": "6844abf0b19e265addfdbb57"
      },
      {
        "amount": 1,
        "price": 1500,
        "_id": "6855949957dd67a9031f1d0c"
      }
    ],
    "createdAt": "2025-04-26T11:15:57.129Z",
    "updatedAt": "2025-06-20T17:04:25.640Z",
    "__v": 7
  },
  {
    "_id": "680cc258f1c6b9b8584d69bd",
    "initiator": "admin",
    "productId": "680c40a7f46f808dabac903a",
    "quantity": 10,
    "price": 1000,
    "total": 10000,
    "totalPayable": 10000,
    "purchaseDate": "2025-04-26T11:16:25.784Z",
    "status": "not delivered",
    "paymentMethod": "",
    "shippingAddress": "address",
    "notes": "",
    "supplier": "680c578ef1c6b9b8584d695c",
    "expiryDate": "2025-04-26T11:16:25.784Z",
    "transfer": 0,
    "cash": 10000,
    "card": 0,
    "debt": 0,
    "discount": 0,
    "deliveryDate": "2025-04-26T11:16:25.784Z",
    "location": "680be139299255a576d058ba",
    "outStandingPayments": [],
    "damagedGoods": [],
    "sold": [
      {
        "amount": 1,
        "price": 1200,
        "_id": "6829e30d23ae20a9c222fdeb"
      },
      {
        "amount": 1,
        "price": 1200,
        "_id": "682ccd88202cde60e82751ff"
      },
      {
        "amount": 2,
        "price": 1200,
        "_id": "682cce8d202cde60e8275311"
      },
      {
        "amount": 1,
        "price": 1200,
        "_id": "6839c4dd36866405f43dc6df"
      },
      {
        "amount": 1,
        "price": 1200,
        "_id": "6839d5f86a25edf72cc407b4"
      }
    ],
    "createdAt": "2025-04-26T11:24:08.580Z",
    "updatedAt": "2025-05-30T15:59:52.237Z",
    "__v": 5
  },
  {
    "_id": "680cc5caf1c6b9b8584d69db",
    "initiator": "admin",
    "productId": "680c4ae53c0a41e0fcf70558",
    "quantity": 300,
    "price": 400,
    "total": 120000,
    "totalPayable": 120000,
    "purchaseDate": "2025-04-26T11:33:01.299Z",
    "status": "not delivered",
    "paymentMethod": "",
    "shippingAddress": "",
    "notes": "",
    "supplier": "680c578ef1c6b9b8584d695c",
    "expiryDate": "2025-04-26T11:33:01.299Z",
    "transfer": 120000,
    "cash": 0,
    "card": 0,
    "debt": 0,
    "discount": 0,
    "deliveryDate": "2025-04-26T11:33:01.299Z",
    "location": "680be139299255a576d058ba",
    "outStandingPayments": [],
    "damagedGoods": [],
    "sold": [
      {
        "amount": 3,
        "price": 1300,
        "_id": "680fbd2d2cb52315fd249cdd"
      },
      {
        "amount": 5,
        "price": 1300,
        "_id": "68128610342b968adb2dccfa"
      },
      {
        "amount": 1,
        "price": 1300,
        "_id": "6829e30d23ae20a9c222fdbf"
      },
      {
        "amount": 1,
        "price": 1300,
        "_id": "682cc81e202cde60e827511d"
      },
      {
        "amount": 1,
        "price": 1300,
        "_id": "682ccd88202cde60e82751d9"
      },
      {
        "amount": 2,
        "price": 1300,
        "_id": "682cce8d202cde60e82752cd"
      },
      {
        "amount": 1,
        "price": 1300,
        "_id": "6839c4a136866405f43dc6b0"
      }
    ],
    "createdAt": "2025-04-26T11:38:50.293Z",
    "updatedAt": "2025-05-30T14:45:53.263Z",
    "__v": 7
  },
  {
    "_id": "680cc750f1c6b9b8584d6a11",
    "initiator": "admin",
    "productId": "680c4b443c0a41e0fcf7055c",
    "quantity": 20,
    "price": 200,
    "total": 4000,
    "totalPayable": 4000,
    "purchaseDate": "2025-04-26T11:43:41.970Z",
    "status": "not delivered",
    "paymentMethod": "",
    "shippingAddress": "",
    "notes": "",
    "supplier": "680c578ef1c6b9b8584d695c",
    "expiryDate": "2025-04-26T11:43:41.970Z",
    "transfer": 4000,
    "cash": 0,
    "card": 0,
    "debt": 0,
    "discount": 0,
    "deliveryDate": "2025-04-26T11:43:41.970Z",
    "location": "680be139299255a576d058ba",
    "outStandingPayments": [],
    "damagedGoods": [],
    "sold": [
      {
        "amount": 4,
        "price": 1400,
        "_id": "68128610342b968adb2dccfd"
      },
      {
        "amount": 3,
        "price": 1400,
        "_id": "68299f19a7abb6691331ab01"
      },
      {
        "amount": 1,
        "price": 1400,
        "_id": "6829e30d23ae20a9c222fd9f"
      },
      {
        "amount": 1,
        "price": 1400,
        "_id": "682cc81e202cde60e8275101"
      },
      {
        "amount": 1,
        "price": 1400,
        "_id": "682ccd88202cde60e82751b2"
      },
      {
        "amount": 3,
        "price": 1400,
        "_id": "682cce8d202cde60e82752a2"
      },
      {
        "amount": 1,
        "price": 1400,
        "_id": "6839c47c36866405f43dc671"
      },
      {
        "amount": 1,
        "price": 1400,
        "_id": "6839c4ff36866405f43dc71a"
      },
      {
        "amount": 1,
        "price": 1400,
        "_id": "6839c52b36866405f43dc76c"
      },
      {
        "amount": 1,
        "price": 1400,
        "_id": "6839c9066a25edf72cc4074e"
      },
      {
        "amount": 1,
        "price": 1400,
        "_id": "6839d6d26a25edf72cc408c3"
      },
      {
        "amount": 1,
        "price": 1400,
        "_id": "6839e5b56a25edf72cc40ceb"
      },
      {
        "amount": 1,
        "price": 1400,
        "_id": "6839f017cec9b9a4f3617939"
      }
    ],
    "createdAt": "2025-04-26T11:45:20.354Z",
    "updatedAt": "2025-05-30T17:51:19.377Z",
    "__v": 13
  },
  {
    "_id": "680cc919f1c6b9b8584d6a41",
    "initiator": "admin",
    "productId": "680c4b763c0a41e0fcf7055f",
    "quantity": 1000,
    "price": 120,
    "total": 120000,
    "totalPayable": 120000,
    "purchaseDate": "2025-04-26T11:47:59.820Z",
    "status": "not delivered",
    "paymentMethod": "",
    "shippingAddress": "",
    "notes": "",
    "supplier": "680c578ef1c6b9b8584d695c",
    "expiryDate": "2025-04-26T11:47:59.820Z",
    "transfer": 100000,
    "cash": 20000,
    "card": 0,
    "debt": 0,
    "discount": 0,
    "deliveryDate": "2025-04-26T11:47:59.820Z",
    "location": "680be139299255a576d058ba",
    "outStandingPayments": [],
    "damagedGoods": [],
    "sold": [
      {
        "amount": 2,
        "price": 400,
        "_id": "6829e30d23ae20a9c222fdee"
      },
      {
        "amount": 1,
        "price": 400,
        "_id": "682ccd88202cde60e82751fb"
      },
      {
        "amount": 2,
        "price": 400,
        "_id": "682cce8d202cde60e827530c"
      },
      {
        "amount": 1,
        "price": 400,
        "_id": "6839c4de36866405f43dc6e5"
      },
      {
        "amount": 1,
        "price": 400,
        "_id": "6839d5f86a25edf72cc407bb"
      }
    ],
    "createdAt": "2025-04-26T11:52:57.678Z",
    "updatedAt": "2025-05-30T15:59:52.243Z",
    "__v": 5
  },
  {
    "_id": "680cf5b7f1c6b9b8584d6a67",
    "initiator": "admin",
    "productId": "680c4c623c0a41e0fcf7056b",
    "quantity": 200,
    "price": 250,
    "total": 50000,
    "totalPayable": 40000,
    "purchaseDate": "2025-04-26T15:02:06.812Z",
    "status": "not delivered",
    "paymentMethod": "",
    "shippingAddress": "my place",
    "notes": "",
    "supplier": "680c578ef1c6b9b8584d695c",
    "expiryDate": "2025-04-26T15:02:06.812Z",
    "transfer": 40000,
    "cash": 0,
    "card": 0,
    "debt": 0,
    "discount": 10000,
    "deliveryDate": "2025-04-26T15:02:06.812Z",
    "location": "680be139299255a576d058ba",
    "outStandingPayments": [],
    "damagedGoods": [],
    "sold": [
      {
        "amount": 1,
        "price": 600,
        "_id": "68299f19a7abb6691331aae6"
      },
      {
        "amount": 1,
        "price": 600,
        "_id": "6829e30d23ae20a9c222fdc9"
      },
      {
        "amount": 1,
        "price": 600,
        "_id": "682ccd88202cde60e82751e7"
      },
      {
        "amount": 2,
        "price": 600,
        "_id": "682cce8d202cde60e82752de"
      },
      {
        "amount": 1,
        "price": 600,
        "_id": "683ba62ed573c0bf6fa7f577"
      }
    ],
    "createdAt": "2025-04-26T15:03:19.219Z",
    "updatedAt": "2025-06-01T01:00:30.283Z",
    "__v": 5
  },
  {
    "_id": "680cf68af1c6b9b8584d6a91",
    "initiator": "admin",
    "productId": "680c4c973c0a41e0fcf7056e",
    "quantity": 1000,
    "price": 50,
    "total": 50000,
    "totalPayable": 50000,
    "purchaseDate": "2025-04-26T15:06:10.500Z",
    "status": "not delivered",
    "paymentMethod": "",
    "shippingAddress": "the house",
    "notes": "",
    "supplier": "680c578ef1c6b9b8584d695c",
    "expiryDate": "2025-04-26T15:06:10.500Z",
    "transfer": 50000,
    "cash": 0,
    "card": 0,
    "debt": 0,
    "discount": 0,
    "deliveryDate": "2025-04-26T15:06:10.500Z",
    "location": "680be139299255a576d058ba",
    "outStandingPayments": [],
    "damagedGoods": [],
    "sold": [
      {
        "amount": 1,
        "price": 100,
        "_id": "6829e30d23ae20a9c222fe03"
      },
      {
        "amount": 1,
        "price": 100,
        "_id": "682cce8d202cde60e8275326"
      },
      {
        "amount": 1,
        "price": 100,
        "_id": "6839c4ff36866405f43dc727"
      },
      {
        "amount": 1,
        "price": 100,
        "_id": "683ba62ed573c0bf6fa7f570"
      },
      {
        "amount": 1,
        "price": 100,
        "_id": "6842ff8cc3cc5ebb16df341a"
      }
    ],
    "createdAt": "2025-04-26T15:06:50.819Z",
    "updatedAt": "2025-06-06T14:47:40.115Z",
    "__v": 5
  },
  {
    "_id": "680cf6f8f1c6b9b8584d6aa4",
    "initiator": "admin",
    "productId": "680c4d423c0a41e0fcf7057a",
    "quantity": 5,
    "price": 50,
    "total": 250,
    "totalPayable": 250,
    "purchaseDate": "2025-04-26T15:07:50.025Z",
    "status": "not delivered",
    "paymentMethod": "",
    "shippingAddress": "",
    "notes": "",
    "supplier": "680c578ef1c6b9b8584d695c",
    "expiryDate": "2025-04-26T15:07:50.025Z",
    "transfer": 0,
    "cash": 250,
    "card": 0,
    "debt": 0,
    "discount": 0,
    "deliveryDate": "2025-04-26T15:07:50.025Z",
    "location": "680be139299255a576d058ba",
    "outStandingPayments": [],
    "damagedGoods": [],
    "sold": [
      {
        "amount": 1,
        "price": 200,
        "_id": "6829e30d23ae20a9c222fde5"
      },
      {
        "amount": 2,
        "price": 200,
        "_id": "682cce8e202cde60e827532e"
      },
      {
        "amount": 1,
        "price": 200,
        "_id": "6842a1b5b2182b2a7cb27b68"
      },
      {
        "amount": 1,
        "price": 200,
        "_id": "6842ff8cc3cc5ebb16df3433"
      }
    ],
    "createdAt": "2025-04-26T15:08:40.611Z",
    "updatedAt": "2025-06-06T14:47:40.136Z",
    "__v": 4
  },
  {
    "_id": "680cf71af1c6b9b8584d6ab7",
    "initiator": "admin",
    "productId": "680c4d423c0a41e0fcf7057a",
    "quantity": 5,
    "price": 50,
    "total": 250,
    "totalPayable": 250,
    "purchaseDate": "2025-04-26T15:08:51.456Z",
    "status": "not delivered",
    "paymentMethod": "",
    "shippingAddress": "",
    "notes": "",
    "supplier": "680c578ef1c6b9b8584d695c",
    "expiryDate": "2025-04-26T15:08:51.456Z",
    "transfer": 250,
    "cash": 0,
    "card": 0,
    "debt": 0,
    "discount": 0,
    "deliveryDate": "2025-04-26T15:08:51.456Z",
    "location": "680be139299255a576d058ba",
    "outStandingPayments": [],
    "damagedGoods": [],
    "sold": [],
    "createdAt": "2025-04-26T15:09:14.594Z",
    "updatedAt": "2025-04-26T15:09:14.594Z",
    "__v": 0
  },
  {
    "_id": "680cf732f1c6b9b8584d6ac4",
    "initiator": "admin",
    "productId": "680c4d423c0a41e0fcf7057a",
    "quantity": 100,
    "price": 90,
    "total": 9000,
    "totalPayable": 9000,
    "purchaseDate": "2025-04-26T15:09:20.792Z",
    "status": "not delivered",
    "paymentMethod": "",
    "shippingAddress": "",
    "notes": "",
    "supplier": "680c578ef1c6b9b8584d695c",
    "expiryDate": "2025-04-26T15:09:20.792Z",
    "transfer": 9000,
    "cash": 0,
    "card": 0,
    "debt": 0,
    "discount": 0,
    "deliveryDate": "2025-04-26T15:09:20.792Z",
    "location": "680be139299255a576d058ba",
    "outStandingPayments": [],
    "damagedGoods": [],
    "sold": [],
    "createdAt": "2025-04-26T15:09:38.830Z",
    "updatedAt": "2025-04-26T15:09:38.830Z",
    "__v": 0
  },
  {
    "_id": "680cf76bf1c6b9b8584d6ade",
    "initiator": "admin",
    "productId": "680c4d633c0a41e0fcf7057d",
    "quantity": 2500,
    "price": 250,
    "total": 625000,
    "totalPayable": 625000,
    "purchaseDate": "2025-04-26T15:10:03.636Z",
    "status": "not delivered",
    "paymentMethod": "",
    "shippingAddress": "",
    "notes": "",
    "supplier": "680c578ef1c6b9b8584d695c",
    "expiryDate": "2025-04-26T15:10:03.636Z",
    "transfer": 625000,
    "cash": 0,
    "card": 0,
    "debt": 0,
    "discount": 0,
    "deliveryDate": "2025-04-26T15:10:03.636Z",
    "location": "680be139299255a576d058ba",
    "outStandingPayments": [],
    "damagedGoods": [],
    "sold": [
      {
        "amount": 1,
        "price": 300,
        "_id": "6829e30d23ae20a9c222fe06"
      },
      {
        "amount": 2,
        "price": 300,
        "_id": "682cce8d202cde60e827532a"
      },
      {
        "amount": 1,
        "price": 300,
        "_id": "6842ff8cc3cc5ebb16df340c"
      },
      {
        "amount": 1,
        "price": 300,
        "_id": "68558ae91bff282efc1a5f03"
      }
    ],
    "createdAt": "2025-04-26T15:10:35.125Z",
    "updatedAt": "2025-06-20T16:23:05.492Z",
    "__v": 4
  },
  {
    "_id": "680cf7e8f1c6b9b8584d6af8",
    "initiator": "admin",
    "productId": "680c4e7b3c0a41e0fcf70588",
    "quantity": 1000,
    "price": 800,
    "total": 800000,
    "totalPayable": 800000,
    "purchaseDate": "2025-04-26T15:11:54.175Z",
    "status": "not delivered",
    "paymentMethod": "",
    "shippingAddress": "",
    "notes": "",
    "supplier": "680c578ef1c6b9b8584d695c",
    "expiryDate": "2025-04-26T15:11:54.175Z",
    "transfer": 300000,
    "cash": 500000,
    "card": 0,
    "debt": 0,
    "discount": 0,
    "deliveryDate": "2025-04-26T15:11:54.175Z",
    "location": "680be139299255a576d058ba",
    "outStandingPayments": [],
    "damagedGoods": [],
    "sold": [
      {
        "amount": 4,
        "price": 1200,
        "_id": "681036fc11955e4253f5267c"
      },
      {
        "amount": 5,
        "price": 1200,
        "_id": "681037c6f76b1da34a92df5a"
      },
      {
        "amount": 5,
        "price": 1200,
        "_id": "68103b0a5874a8a445abcf12"
      },
      {
        "amount": 5,
        "price": 1200,
        "_id": "68103bd58321096be93edc8b"
      },
      {
        "amount": 5,
        "price": 1200,
        "_id": "68103c627dff27c195d1d70a"
      },
      {
        "amount": 5,
        "price": 1200,
        "_id": "68103d8d1e3744a0c70c3b8f"
      },
      {
        "amount": 5,
        "price": 1200,
        "_id": "68103e0a55ec1df12269597a"
      },
      {
        "amount": 5,
        "price": 1200,
        "_id": "68103f2855ec1df1226959ad"
      },
      {
        "amount": 5,
        "price": 1200,
        "_id": "68103fb947d8e3a4f747913c"
      },
      {
        "amount": 5,
        "price": 1200,
        "_id": "68103fed6735434454f617a9"
      },
      {
        "amount": 5,
        "price": 1200,
        "_id": "68104290bbaa19d3df3780d6"
      },
      {
        "amount": 5,
        "price": 1200,
        "_id": "681043615d16b1d8c1205d9a"
      },
      {
        "amount": 1,
        "price": 1200,
        "_id": "6829e30d23ae20a9c222fddb"
      },
      {
        "amount": 2,
        "price": 1200,
        "_id": "682cce8d202cde60e82752f2"
      },
      {
        "amount": 1,
        "price": 1200,
        "_id": "6839c52b36866405f43dc787"
      }
    ],
    "createdAt": "2025-04-26T15:12:40.086Z",
    "updatedAt": "2025-05-30T14:48:11.474Z",
    "__v": 21
  },
  {
    "_id": "680cf854f1c6b9b8584d6b0b",
    "initiator": "admin",
    "productId": "680c4e9a3c0a41e0fcf7058b",
    "quantity": 1500,
    "price": 350,
    "total": 525000,
    "totalPayable": 525000,
    "purchaseDate": "2025-04-26T15:13:07.887Z",
    "status": "delivered",
    "paymentMethod": "",
    "shippingAddress": "",
    "notes": "",
    "supplier": "680c578ef1c6b9b8584d695c",
    "expiryDate": "2025-04-26T15:13:07.887Z",
    "transfer": 200000,
    "cash": 250000,
    "card": 75000,
    "debt": 0,
    "discount": 0,
    "deliveryDate": "2025-04-26T15:13:07.887Z",
    "location": "680be139299255a576d058ba",
    "outStandingPayments": [],
    "damagedGoods": [],
    "sold": [
      {
        "amount": 2,
        "price": 450,
        "_id": "680fbd2d2cb52315fd249ce0"
      },
      {
        "amount": 2,
        "price": 450,
        "_id": "68299f19a7abb6691331aaef"
      },
      {
        "amount": 2,
        "price": 450,
        "_id": "6829e30d23ae20a9c222fdb3"
      },
      {
        "amount": 1,
        "price": 450,
        "_id": "682cc81e202cde60e8275117"
      },
      {
        "amount": 1,
        "price": 450,
        "_id": "682ccd88202cde60e82751ca"
      },
      {
        "amount": 2,
        "price": 450,
        "_id": "682cce8d202cde60e82752bc"
      },
      {
        "amount": 1,
        "price": 450,
        "_id": "6839c47c36866405f43dc68d"
      },
      {
        "amount": 1,
        "price": 450,
        "_id": "6839c5a536866405f43dc7bb"
      },
      {
        "amount": 1,
        "price": 450,
        "_id": "6839c638a77de525c973b07d"
      },
      {
        "amount": 1,
        "price": 450,
        "_id": "6839d5d86a25edf72cc40793"
      },
      {
        "amount": 1,
        "price": 450,
        "_id": "6839dee26a25edf72cc40afd"
      }
    ],
    "createdAt": "2025-04-26T15:14:28.427Z",
    "updatedAt": "2025-05-30T16:37:54.131Z",
    "__v": 11
  },
  {
    "_id": "680cf92af1c6b9b8584d6b29",
    "initiator": "admin",
    "productId": "680c4ed93c0a41e0fcf7058e",
    "quantity": 540,
    "price": 400,
    "total": 216000,
    "totalPayable": 216000,
    "purchaseDate": "2025-04-26T15:17:00.657Z",
    "status": "not delivered",
    "paymentMethod": "",
    "shippingAddress": "",
    "notes": "",
    "supplier": "680c578ef1c6b9b8584d695c",
    "expiryDate": "2025-04-26T15:17:00.657Z",
    "transfer": 216000,
    "cash": 0,
    "card": 0,
    "debt": 0,
    "discount": 0,
    "deliveryDate": "2025-04-26T15:17:00.657Z",
    "location": "680be139299255a576d058ba",
    "outStandingPayments": [],
    "damagedGoods": [],
    "sold": [
      {
        "amount": 1,
        "price": 540,
        "_id": "6829e30d23ae20a9c222fdb6"
      },
      {
        "amount": 1,
        "price": 540,
        "_id": "682ccd88202cde60e82751e2"
      },
      {
        "amount": 2,
        "price": 540,
        "_id": "682cce8d202cde60e82752d8"
      },
      {
        "amount": 1,
        "price": 540,
        "_id": "6839c4a136866405f43dc6bd"
      },
      {
        "amount": 1,
        "price": 540,
        "_id": "6839f017cec9b9a4f3617940"
      },
      {
        "amount": 1,
        "price": 540,
        "_id": "683ba62ed573c0bf6fa7f57f"
      },
      {
        "amount": 1,
        "price": 540,
        "_id": "6842ff39c3cc5ebb16df3391"
      },
      {
        "amount": 3,
        "price": 540,
        "_id": "6842ff8cc3cc5ebb16df33dc"
      }
    ],
    "createdAt": "2025-04-26T15:18:02.381Z",
    "updatedAt": "2025-06-06T14:47:40.047Z",
    "__v": 8
  },
  {
    "_id": "680cf94ff1c6b9b8584d6b3b",
    "initiator": "admin",
    "productId": "680c4f063c0a41e0fcf70591",
    "quantity": 2000,
    "price": 300,
    "total": 600000,
    "totalPayable": 600000,
    "purchaseDate": "2025-04-26T15:18:13.646Z",
    "status": "not delivered",
    "paymentMethod": "",
    "shippingAddress": "",
    "notes": "",
    "supplier": "680c578ef1c6b9b8584d695c",
    "expiryDate": "2025-04-26T15:18:13.646Z",
    "transfer": 600000,
    "cash": 0,
    "card": 0,
    "debt": 0,
    "discount": 0,
    "deliveryDate": "2025-04-26T15:18:13.646Z",
    "location": "680be139299255a576d058ba",
    "outStandingPayments": [],
    "damagedGoods": [],
    "sold": [
      {
        "amount": 3,
        "price": 400,
        "_id": "680f5c37494bb17966647582"
      },
      {
        "amount": 1,
        "price": 400,
        "_id": "6829e30d23ae20a9c222fdba"
      },
      {
        "amount": 1,
        "price": 400,
        "_id": "682ccd88202cde60e82751de"
      },
      {
        "amount": 2,
        "price": 400,
        "_id": "682cce8d202cde60e82752d3"
      },
      {
        "amount": 1,
        "price": 400,
        "_id": "6839c4a136866405f43dc6b7"
      },
      {
        "amount": 1,
        "price": 400,
        "_id": "6839c4ff36866405f43dc722"
      },
      {
        "amount": 1,
        "price": 400,
        "_id": "6839c51036866405f43dc73b"
      },
      {
        "amount": 1,
        "price": 400,
        "_id": "6839c52b36866405f43dc776"
      },
      {
        "amount": 1,
        "price": 400,
        "_id": "6839c9066a25edf72cc40759"
      },
      {
        "amount": 1,
        "price": 400,
        "_id": "6839dee26a25edf72cc40b20"
      },
      {
        "amount": 1,
        "price": 400,
        "_id": "683ba62ed573c0bf6fa7f58c"
      },
      {
        "amount": 1,
        "price": 400,
        "_id": "6842ff39c3cc5ebb16df339f"
      },
      {
        "amount": 2,
        "price": 400,
        "_id": "684304c482b47e7017d8f878"
      },
      {
        "amount": 1,
        "price": 400,
        "_id": "6855949957dd67a9031f1d03"
      }
    ],
    "createdAt": "2025-04-26T15:18:39.432Z",
    "updatedAt": "2025-06-20T17:04:25.632Z",
    "__v": 14
  },
  {
    "_id": "680cf979f1c6b9b8584d6b4d",
    "initiator": "admin",
    "productId": "680c4f1d3c0a41e0fcf70594",
    "quantity": 2000,
    "price": 230,
    "total": 460000,
    "totalPayable": 460000,
    "purchaseDate": "2025-04-26T15:18:58.634Z",
    "status": "not delivered",
    "paymentMethod": "",
    "shippingAddress": "",
    "notes": "",
    "supplier": "680c578ef1c6b9b8584d695c",
    "expiryDate": "2025-04-26T15:18:58.634Z",
    "transfer": 460000,
    "cash": 0,
    "card": 0,
    "debt": 0,
    "discount": 0,
    "deliveryDate": "2025-04-26T15:18:58.634Z",
    "location": "680be139299255a576d058ba",
    "outStandingPayments": [],
    "damagedGoods": [],
    "sold": [
      {
        "amount": 2,
        "price": 300,
        "_id": "6829e30d23ae20a9c222fdde"
      },
      {
        "amount": 2,
        "price": 300,
        "_id": "682cce8d202cde60e82752f6"
      },
      {
        "amount": 1,
        "price": 300,
        "_id": "6839c51036866405f43dc740"
      }
    ],
    "createdAt": "2025-04-26T15:19:21.883Z",
    "updatedAt": "2025-05-30T14:47:44.920Z",
    "__v": 3
  },
  {
    "_id": "680cf9bcf1c6b9b8584d6b5f",
    "initiator": "admin",
    "productId": "680c4f373c0a41e0fcf70597",
    "quantity": 1000,
    "price": 320,
    "total": 320000,
    "totalPayable": 320000,
    "purchaseDate": "2025-04-26T15:20:09.533Z",
    "status": "not delivered",
    "paymentMethod": "",
    "shippingAddress": "",
    "notes": "",
    "supplier": "680c578ef1c6b9b8584d695c",
    "expiryDate": "2025-04-26T15:20:09.533Z",
    "transfer": 320000,
    "cash": 0,
    "card": 0,
    "debt": 0,
    "discount": 0,
    "deliveryDate": "2025-04-26T15:20:09.533Z",
    "location": "680be139299255a576d058ba",
    "outStandingPayments": [],
    "damagedGoods": [],
    "sold": [
      {
        "amount": 3,
        "price": 480,
        "_id": "680f5c37494bb1796664757c"
      },
      {
        "amount": 1,
        "price": 480,
        "_id": "6829e30d23ae20a9c222fde2"
      },
      {
        "amount": 1,
        "price": 480,
        "_id": "682ccd88202cde60e8275204"
      },
      {
        "amount": 2,
        "price": 480,
        "_id": "682cce8d202cde60e8275317"
      }
    ],
    "createdAt": "2025-04-26T15:20:28.683Z",
    "updatedAt": "2025-05-20T18:48:45.942Z",
    "__v": 4
  },
  {
    "_id": "680cfab4f1c6b9b8584d6b72",
    "initiator": "admin",
    "productId": "680c4f543c0a41e0fcf7059a",
    "quantity": 2000,
    "price": 10,
    "total": 300000,
    "totalPayable": 300000,
    "purchaseDate": "2025-04-26T15:24:13.710Z",
    "status": "not delivered",
    "paymentMethod": "",
    "shippingAddress": "",
    "notes": "",
    "supplier": "680c578ef1c6b9b8584d695c",
    "expiryDate": "2025-04-26T15:24:13.710Z",
    "transfer": 300000,
    "cash": 0,
    "card": 0,
    "debt": 0,
    "discount": 0,
    "deliveryDate": "2025-04-26T15:24:13.710Z",
    "location": "680be139299255a576d058ba",
    "outStandingPayments": [],
    "damagedGoods": [],
    "sold": [
      {
        "amount": 1,
        "price": 20,
        "_id": "680f5c37494bb17966647579"
      },
      {
        "amount": 9,
        "price": 20,
        "_id": "68128610342b968adb2dccf6"
      },
      {
        "amount": 2,
        "price": 20,
        "_id": "68299f19a7abb6691331aaeb"
      },
      {
        "amount": 1,
        "price": 20,
        "_id": "6829e30d23ae20a9c222fdc5"
      },
      {
        "amount": 1,
        "price": 20,
        "_id": "682cc81e202cde60e8275124"
      },
      {
        "amount": 1,
        "price": 20,
        "_id": "682ccd88202cde60e82751d2"
      },
      {
        "amount": 1,
        "price": 20,
        "_id": "682cce8d202cde60e82752c5"
      },
      {
        "amount": 1,
        "price": 20,
        "_id": "6839c51036866405f43dc74a"
      }
    ],
    "createdAt": "2025-04-26T15:24:36.626Z",
    "updatedAt": "2025-05-30T14:47:44.927Z",
    "__v": 8
  },
  {
    "_id": "680cfbacf1c6b9b8584d6b90",
    "initiator": "admin",
    "productId": "680c4f8e3c0a41e0fcf7059d",
    "quantity": 3970,
    "price": 10,
    "total": 40000,
    "totalPayable": 40000,
    "purchaseDate": "2025-04-26T15:28:31.616Z",
    "status": "not delivered",
    "paymentMethod": "",
    "shippingAddress": "",
    "notes": "",
    "supplier": "680c578ef1c6b9b8584d695c",
    "expiryDate": "2025-04-26T15:28:31.616Z",
    "transfer": 40000,
    "cash": 0,
    "card": 0,
    "debt": 0,
    "discount": 0,
    "deliveryDate": "2025-04-26T15:28:31.616Z",
    "location": "680be139299255a576d058ba",
    "outStandingPayments": [],
    "damagedGoods": [
      {
        "date": "2025-06-06T00:00:00.000Z",
        "quantity": 6,
        "reason": "this"
      }
    ],
    "sold": [
      {
        "amount": 5,
        "price": 30,
        "_id": "681037c6f76b1da34a92df67"
      },
      {
        "amount": 6,
        "price": 30,
        "_id": "68103b0a5874a8a445abcf1b"
      },
      {
        "amount": 6,
        "price": 30,
        "_id": "68103bd58321096be93edc96"
      },
      {
        "amount": 6,
        "price": 30,
        "_id": "68103c627dff27c195d1d717"
      },
      {
        "amount": 6,
        "price": 30,
        "_id": "68103d8d1e3744a0c70c3b9e"
      },
      {
        "amount": 6,
        "price": 30,
        "_id": "68103e0a55ec1df12269598b"
      },
      {
        "amount": 6,
        "price": 30,
        "_id": "68103f2855ec1df1226959c0"
      },
      {
        "amount": 6,
        "price": 30,
        "_id": "68103fb947d8e3a4f7479151"
      },
      {
        "amount": 6,
        "price": 30,
        "_id": "68103fed6735434454f617c0"
      },
      {
        "amount": 6,
        "price": 30,
        "_id": "68104290bbaa19d3df3780ef"
      },
      {
        "amount": 6,
        "price": 30,
        "_id": "681043625d16b1d8c1205db5"
      },
      {
        "amount": 1,
        "price": 30,
        "_id": "68299f19a7abb6691331aafd"
      },
      {
        "amount": 1,
        "price": 30,
        "_id": "6829e30d23ae20a9c222fdae"
      },
      {
        "amount": 1,
        "price": 30,
        "_id": "682cc81e202cde60e8275111"
      },
      {
        "amount": 1,
        "price": 30,
        "_id": "682ccd88202cde60e82751c3"
      },
      {
        "amount": 3,
        "price": 30,
        "_id": "682cce8d202cde60e82752b4"
      },
      {
        "amount": 1,
        "price": 30,
        "_id": "6839c47c36866405f43dc684"
      },
      {
        "amount": 1,
        "price": 30,
        "_id": "6839d5d86a25edf72cc40787"
      },
      {
        "amount": 4,
        "price": 30,
        "_id": "6839d6256a25edf72cc40809"
      },
      {
        "amount": 10,
        "price": 30,
        "_id": "6839d6d26a25edf72cc408d9"
      },
      {
        "amount": 1,
        "price": 30,
        "_id": "6839dee26a25edf72cc40b14"
      },
      {
        "amount": 1,
        "price": 30,
        "_id": "6839e5b56a25edf72cc40d03"
      },
      {
        "amount": 1,
        "price": 30,
        "_id": "6842bb91642e24dcb8288785"
      },
      {
        "amount": 1,
        "price": 30,
        "_id": "6842ff39c3cc5ebb16df3388"
      },
      {
        "amount": 1,
        "price": 30,
        "_id": "6842ff8cc3cc5ebb16df33fc"
      },
      {
        "amount": 1,
        "price": 30,
        "_id": "684304c482b47e7017d8f85d"
      },
      {
        "amount": 1,
        "price": 30,
        "_id": "684449f878e1cc6b5c31bc43"
      },
      {
        "amount": 1,
        "price": 30,
        "_id": "6855949957dd67a9031f1cf3"
      }
    ],
    "createdAt": "2025-04-26T15:28:44.126Z",
    "updatedAt": "2025-06-20T17:04:25.612Z",
    "__v": 35
  },
  {
    "_id": "680cfbfdf1c6b9b8584d6ba2",
    "initiator": "admin",
    "productId": "680c4fac3c0a41e0fcf705a0",
    "quantity": 2000,
    "price": 230,
    "total": 460000,
    "totalPayable": 460000,
    "purchaseDate": "2025-04-26T15:29:43.562Z",
    "status": "not delivered",
    "paymentMethod": "",
    "shippingAddress": "",
    "notes": "",
    "supplier": "680c578ef1c6b9b8584d695c",
    "expiryDate": "2025-04-26T15:29:43.562Z",
    "transfer": 460000,
    "cash": 0,
    "card": 0,
    "debt": 0,
    "discount": 0,
    "deliveryDate": "2025-04-26T15:29:43.562Z",
    "location": "680be139299255a576d058ba",
    "outStandingPayments": [],
    "damagedGoods": [],
    "sold": [
      {
        "amount": 1,
        "price": 300,
        "_id": "6829e30d23ae20a9c222fde8"
      },
      {
        "amount": 2,
        "price": 300,
        "_id": "682cce8d202cde60e8275322"
      }
    ],
    "createdAt": "2025-04-26T15:30:05.785Z",
    "updatedAt": "2025-05-20T18:48:45.974Z",
    "__v": 2
  },
  {
    "_id": "680cfc11f1c6b9b8584d6bb4",
    "initiator": "admin",
    "productId": "680c4fc23c0a41e0fcf705a3",
    "quantity": 2000,
    "price": 980,
    "total": 1960000,
    "totalPayable": 1960000,
    "purchaseDate": "2025-04-26T15:30:16.269Z",
    "status": "not delivered",
    "paymentMethod": "",
    "shippingAddress": "",
    "notes": "",
    "supplier": "680c578ef1c6b9b8584d695c",
    "expiryDate": "2025-04-26T15:30:16.269Z",
    "transfer": 0,
    "cash": 0,
    "card": 0,
    "debt": 1960000,
    "discount": 0,
    "deliveryDate": "2025-04-26T15:30:16.269Z",
    "location": "680be139299255a576d058ba",
    "outStandingPayments": [],
    "damagedGoods": [],
    "sold": [
      {
        "amount": 1,
        "price": 1400,
        "_id": "6829e30d23ae20a9c222fe00"
      },
      {
        "amount": 2,
        "price": 1400,
        "_id": "682cce8d202cde60e827531b"
      }
    ],
    "createdAt": "2025-04-26T15:30:25.851Z",
    "updatedAt": "2025-05-20T18:48:45.952Z",
    "__v": 2
  },
  {
    "_id": "682b2e850ab0a1fb91fafbda",
    "initiator": "admin",
    "productId": "680c4b443c0a41e0fcf7055c",
    "quantity": 3000,
    "price": 100,
    "total": 300000,
    "totalPayable": 298000,
    "purchaseDate": "2025-05-19T13:12:17.908Z",
    "status": "delivered",
    "paymentMethod": "",
    "shippingAddress": "",
    "notes": "",
    "supplier": "680c578ef1c6b9b8584d695c",
    "expiryDate": "2025-05-19T13:12:17.908Z",
    "transfer": 298000,
    "cash": 0,
    "card": 0,
    "debt": 0,
    "discount": 2000,
    "deliveryDate": "2025-05-19T13:12:17.908Z",
    "location": "680be139299255a576d058ba",
    "outStandingPayments": [],
    "damagedGoods": [],
    "sold": [
      {
        "amount": 3,
        "price": 1400,
        "_id": "6842bb91642e24dcb828876c"
      },
      {
        "amount": 1,
        "price": 1400,
        "_id": "6842ff39c3cc5ebb16df33a8"
      },
      {
        "amount": 1,
        "price": 1400,
        "_id": "6842ff8cc3cc5ebb16df33e1"
      },
      {
        "amount": 1,
        "price": 1400,
        "_id": "684304c482b47e7017d8f863"
      }
    ],
    "createdAt": "2025-05-19T13:13:41.670Z",
    "updatedAt": "2025-06-06T15:09:56.244Z",
    "__v": 4
  },
  {
    "_id": "682c782a3da0fc004d1bd61d",
    "initiator": "admin",
    "productId": "680c4ffc3c0a41e0fcf705a6",
    "quantity": 1500,
    "price": 150,
    "total": 225000,
    "totalPayable": 220000,
    "purchaseDate": "2025-05-20T12:36:48.672Z",
    "status": "delivered",
    "paymentMethod": "",
    "shippingAddress": "",
    "notes": "",
    "supplier": "680c578ef1c6b9b8584d695c",
    "expiryDate": "2025-05-30T23:00:00.000Z",
    "transfer": 0,
    "cash": 0,
    "card": 220000,
    "debt": 0,
    "discount": 5000,
    "deliveryDate": "2025-05-20T12:36:48.672Z",
    "location": "680be139299255a576d058ba",
    "outStandingPayments": [],
    "damagedGoods": [],
    "sold": [
      {
        "amount": 2,
        "price": 1200,
        "_id": "682cce8d202cde60e827531e"
      }
    ],
    "createdAt": "2025-05-20T12:40:10.454Z",
    "updatedAt": "2025-05-20T18:48:45.963Z",
    "__v": 1
  },
  {
    "_id": "68343d8f5f3aa3e0d61bebf0",
    "initiator": "admin",
    "productId": "68343d465f3aa3e0d61bebe1",
    "quantity": 200,
    "price": 200,
    "total": 40000,
    "totalPayable": 40000,
    "purchaseDate": "2025-05-26T10:07:35.754Z",
    "status": "not delivered",
    "paymentMethod": "",
    "shippingAddress": "liogiug",
    "notes": "",
    "supplier": "680c578ef1c6b9b8584d695c",
    "expiryDate": "2025-05-26T10:07:35.754Z",
    "transfer": 40000,
    "cash": 0,
    "card": 0,
    "debt": 0,
    "discount": 0,
    "deliveryDate": "2025-05-26T10:07:35.754Z",
    "location": "680be139299255a576d058ba",
    "outStandingPayments": [],
    "damagedGoods": [],
    "sold": [
      {
        "amount": 1,
        "price": 2000,
        "_id": "6839c4ff36866405f43dc72a"
      },
      {
        "amount": 1,
        "price": 2000,
        "_id": "6842ff8cc3cc5ebb16df3410"
      }
    ],
    "createdAt": "2025-05-26T10:08:15.741Z",
    "updatedAt": "2025-06-06T14:47:40.098Z",
    "__v": 2
  },
  {
    "_id": "6836673fd4f1ce33d28e13bd",
    "initiator": "admin",
    "productId": "683644e7f924a9cf4519ae0f",
    "quantity": 40,
    "price": 12000,
    "total": 480000,
    "totalPayable": 480000,
    "purchaseDate": "2025-05-28T01:30:14.224Z",
    "status": "not delivered",
    "paymentMethod": "",
    "shippingAddress": "",
    "notes": "",
    "supplier": "680c578ef1c6b9b8584d695c",
    "expiryDate": "2025-05-28T01:30:14.224Z",
    "transfer": 480000,
    "cash": 0,
    "card": 0,
    "debt": 0,
    "discount": 0,
    "deliveryDate": "2025-05-28T01:30:14.224Z",
    "location": "680be139299255a576d058ba",
    "outStandingPayments": [],
    "damagedGoods": [],
    "sold": [
      {
        "amount": 2,
        "price": 18000,
        "_id": "6842ff8cc3cc5ebb16df3413"
      }
    ],
    "createdAt": "2025-05-28T01:30:39.766Z",
    "updatedAt": "2025-06-06T14:47:40.107Z",
    "__v": 1
  },
  {
    "_id": "683a6721dc64544a73f44c09",
    "initiator": "admin",
    "productId": "683a6625dc64544a73f44bd2",
    "quantity": 300,
    "price": 500,
    "total": 150000,
    "totalPayable": 150000,
    "purchaseDate": "2025-05-31T02:18:48.575Z",
    "status": "not delivered",
    "paymentMethod": "",
    "shippingAddress": "",
    "notes": "",
    "supplier": "680c578ef1c6b9b8584d695c",
    "expiryDate": "2025-05-31T02:18:48.575Z",
    "transfer": 150000,
    "cash": 0,
    "card": 0,
    "debt": 0,
    "discount": 0,
    "deliveryDate": "2025-05-31T02:18:48.575Z",
    "location": "680be139299255a576d058ba",
    "outStandingPayments": [],
    "damagedGoods": [],
    "sold": [
      {
        "amount": 1,
        "price": 3000,
        "_id": "6842ff39c3cc5ebb16df336e"
      },
      {
        "amount": 1,
        "price": 3000,
        "_id": "6842ff8cc3cc5ebb16df3401"
      },
      {
        "amount": 1,
        "price": 3000,
        "_id": "684304c482b47e7017d8f869"
      },
      {
        "amount": 1,
        "price": 3000,
        "_id": "685563ac77324665f2b861a0"
      }
    ],
    "createdAt": "2025-05-31T02:19:13.367Z",
    "updatedAt": "2025-06-20T13:35:40.675Z",
    "__v": 6
  },
  {
    "_id": "68431d7715c862294ad6cf2a",
    "initiator": "chris",
    "productId": "6842f544c04cd36de9264a94",
    "quantity": 890,
    "price": 20,
    "total": 20000,
    "totalPayable": 20000,
    "purchaseDate": "2025-06-06T16:54:54.643Z",
    "status": "not delivered",
    "paymentMethod": "",
    "shippingAddress": "",
    "notes": "",
    "supplier": "680c578ef1c6b9b8584d695c",
    "expiryDate": "2025-06-06T16:54:54.643Z",
    "transfer": 20000,
    "cash": 0,
    "card": 0,
    "debt": 0,
    "discount": 0,
    "deliveryDate": "2025-06-06T16:54:54.643Z",
    "location": "680be139299255a576d058ba",
    "outStandingPayments": [],
    "damagedGoods": [
      {
        "date": "2025-06-06T00:00:00.000Z",
        "quantity": 60,
        "reason": "water ooo"
      },
      {
        "date": "2025-06-06T00:00:00.000Z",
        "quantity": 10,
        "reason": "this is it"
      }
    ],
    "sold": [
      {
        "amount": 10,
        "price": 3000,
        "_id": "68431eb615c862294ad6cf90"
      }
    ],
    "createdAt": "2025-06-06T16:55:19.156Z",
    "updatedAt": "2025-06-06T17:16:19.599Z",
    "__v": 5
  }
]
