[
  {
    "_id": "680d1184db0e07a1043edbfa",
    "userId": "680be19b299255a576d058c2",
    "username": "admin",
    "action": "Create Invoice",
    "location": "Created Invoice for steven with phone number 090809098",
    "createdAt": "2025-04-26T17:01:56.223Z",
    "updatedAt": "2025-04-26T17:01:56.223Z",
    "__v": 0
  },
  {
    "_id": "680d20bddb0e07a1043edc18",
    "userId": "680be19b299255a576d058c2",
    "username": "admin",
    "action": "Create Invoice",
    "location": "Created Invoice for steven with phone number 090809098",
    "createdAt": "2025-04-26T18:06:53.412Z",
    "updatedAt": "2025-04-26T18:06:53.412Z",
    "__v": 0
  },
  {
    "_id": "680d75d6bc139b14cae4f335",
    "userId": "680be19b299255a576d058c2",
    "username": "admin",
    "action": "Create Invoice",
    "location": "Created Invoice for esther with phone number 08086888048",
    "createdAt": "2025-04-27T00:09:58.404Z",
    "updatedAt": "2025-04-27T00:09:58.404Z",
    "__v": 0
  },
  {
    "_id": "680d8787286c642084b9eb83",
    "userId": "680be19b299255a576d058c2",
    "username": "admin",
    "action": "Create Invoice",
    "location": "Created Invoice for kelvin with phone number 08061451861",
    "createdAt": "2025-04-27T01:25:27.136Z",
    "updatedAt": "2025-04-27T01:25:27.136Z",
    "__v": 0
  },
  {
    "_id": "680f531ab447d506b2e2ed1c",
    "userId": "680be19b299255a576d058c2",
    "username": "admin",
    "action": "Create Invoice",
    "location": "Created Invoice for kelvin with phone number 08061451861",
    "createdAt": "2025-04-28T10:06:18.076Z",
    "updatedAt": "2025-04-28T10:06:18.076Z",
    "__v": 0
  },
  {
    "_id": "680f587a3d3783b134e42002",
    "userId": "680be19b299255a576d058c2",
    "username": "admin",
    "action": "Create Invoice",
    "location": "Created Invoice for user with id 680d8740286c642084b9eb76",
    "createdAt": "2025-04-28T10:29:14.239Z",
    "updatedAt": "2025-04-28T10:29:14.239Z",
    "__v": 0
  },
  {
    "_id": "680f59453d3783b134e4200f",
    "userId": "680be19b299255a576d058c2",
    "username": "admin",
    "action": "Create Invoice",
    "location": "Created Invoice for user with id 680d8740286c642084b9eb76",
    "createdAt": "2025-04-28T10:32:37.587Z",
    "updatedAt": "2025-04-28T10:32:37.587Z",
    "__v": 0
  },
  {
    "_id": "680f5c37494bb1796664759c",
    "userId": "680be19b299255a576d058c2",
    "username": "admin",
    "action": "Made Sales",
    "location": "Transaction Id 0eqi9pnm8x",
    "createdAt": "2025-04-28T10:45:11.424Z",
    "updatedAt": "2025-04-28T10:45:11.424Z",
    "__v": 0
  },
  {
    "_id": "680f962f2cb52315fd249c7d",
    "userId": "680be19b299255a576d058c2",
    "username": "admin",
    "action": "Create Invoice",
    "location": "Created Invoice for user with id 680d8740286c642084b9eb76",
    "createdAt": "2025-04-28T14:52:31.129Z",
    "updatedAt": "2025-04-28T14:52:31.129Z",
    "__v": 0
  },
  {
    "_id": "680fbd2d2cb52315fd249cf5",
    "userId": "680be19b299255a576d058c2",
    "username": "admin",
    "action": "Made Sales",
    "location": "Transaction Id 0894mnyna4",
    "createdAt": "2025-04-28T17:38:53.332Z",
    "updatedAt": "2025-04-28T17:38:53.332Z",
    "__v": 0
  },
  {
    "_id": "681032885a233be8f87d88ef",
    "userId": "680be19b299255a576d058c2",
    "username": "admin",
    "action": "Create Invoice",
    "location": "Created Invoice for user with id 680d8740286c642084b9eb76",
    "createdAt": "2025-04-29T01:59:36.894Z",
    "updatedAt": "2025-04-29T01:59:36.894Z",
    "__v": 0
  },
  {
    "_id": "681033f75a233be8f87d8915",
    "userId": "680be19b299255a576d058c2",
    "username": "admin",
    "action": "Made Sales",
    "location": "Transaction Id 0iluwspwsk",
    "createdAt": "2025-04-29T02:05:43.095Z",
    "updatedAt": "2025-04-29T02:05:43.095Z",
    "__v": 0
  },
  {
    "_id": "681036d311955e4253f52673",
    "userId": "680be19b299255a576d058c2",
    "username": "admin",
    "action": "Made Sales",
    "location": "Transaction Id 0918hfxoia",
    "createdAt": "2025-04-29T02:17:55.379Z",
    "updatedAt": "2025-04-29T02:17:55.379Z",
    "__v": 0
  },
  {
    "_id": "681036fc11955e4253f5269c",
    "userId": "680be19b299255a576d058c2",
    "username": "admin",
    "action": "Made Sales",
    "location": "Transaction Id 0wvocf9w2r",
    "createdAt": "2025-04-29T02:18:36.345Z",
    "updatedAt": "2025-04-29T02:18:36.345Z",
    "__v": 0
  },
  {
    "_id": "681037c6f76b1da34a92df7c",
    "userId": "680be19b299255a576d058c2",
    "username": "admin",
    "action": "Made Sales",
    "location": "Transaction Id 0ahvotftex",
    "createdAt": "2025-04-29T02:21:58.435Z",
    "updatedAt": "2025-04-29T02:21:58.435Z",
    "__v": 0
  },
  {
    "_id": "68103b0a5874a8a445abcf30",
    "userId": "680be19b299255a576d058c2",
    "username": "admin",
    "action": "Made Sales",
    "location": "Transaction Id 0ci1knu0zk",
    "createdAt": "2025-04-29T02:35:54.342Z",
    "updatedAt": "2025-04-29T02:35:54.342Z",
    "__v": 0
  },
  {
    "_id": "68103bd58321096be93edcab",
    "userId": "680be19b299255a576d058c2",
    "username": "admin",
    "action": "Made Sales",
    "location": "Transaction Id 094k1b06x7",
    "createdAt": "2025-04-29T02:39:17.336Z",
    "updatedAt": "2025-04-29T02:39:17.336Z",
    "__v": 0
  },
  {
    "_id": "68103c627dff27c195d1d72c",
    "userId": "680be19b299255a576d058c2",
    "username": "admin",
    "action": "Made Sales",
    "location": "Transaction Id 0gqn20re6g",
    "createdAt": "2025-04-29T02:41:38.328Z",
    "updatedAt": "2025-04-29T02:41:38.328Z",
    "__v": 0
  },
  {
    "_id": "68103d8d1e3744a0c70c3bb3",
    "userId": "680be19b299255a576d058c2",
    "username": "admin",
    "action": "Made Sales",
    "location": "Transaction Id 0ydzyvxte2",
    "createdAt": "2025-04-29T02:46:37.452Z",
    "updatedAt": "2025-04-29T02:46:37.452Z",
    "__v": 0
  },
  {
    "_id": "68103e0a55ec1df1226959a0",
    "userId": "680be19b299255a576d058c2",
    "username": "admin",
    "action": "Made Sales",
    "location": "Transaction Id 0lykp5nt0l",
    "createdAt": "2025-04-29T02:48:42.509Z",
    "updatedAt": "2025-04-29T02:48:42.509Z",
    "__v": 0
  },
  {
    "_id": "68103f2855ec1df1226959d5",
    "userId": "680be19b299255a576d058c2",
    "username": "admin",
    "action": "Made Sales",
    "location": "Transaction Id 0wj2u2gzb6",
    "createdAt": "2025-04-29T02:53:28.149Z",
    "updatedAt": "2025-04-29T02:53:28.149Z",
    "__v": 0
  },
  {
    "_id": "68103fb947d8e3a4f7479166",
    "userId": "680be19b299255a576d058c2",
    "username": "admin",
    "action": "Made Sales",
    "location": "Transaction Id 06clglyxsy",
    "createdAt": "2025-04-29T02:55:53.807Z",
    "updatedAt": "2025-04-29T02:55:53.807Z",
    "__v": 0
  },
  {
    "_id": "68103fed6735434454f617d5",
    "userId": "680be19b299255a576d058c2",
    "username": "admin",
    "action": "Made Sales",
    "location": "Transaction Id 0roqv3of04",
    "createdAt": "2025-04-29T02:56:45.451Z",
    "updatedAt": "2025-04-29T02:56:45.451Z",
    "__v": 0
  },
  {
    "_id": "68104290bbaa19d3df378104",
    "userId": "680be19b299255a576d058c2",
    "username": "admin",
    "action": "Made Sales",
    "location": "Transaction Id 06gl8ke4a5",
    "createdAt": "2025-04-29T03:08:00.737Z",
    "updatedAt": "2025-04-29T03:08:00.737Z",
    "__v": 0
  },
  {
    "_id": "681043625d16b1d8c1205dca",
    "userId": "680be19b299255a576d058c2",
    "username": "admin",
    "action": "Made Sales",
    "location": "Transaction Id 03yl92b0uo",
    "createdAt": "2025-04-29T03:11:30.120Z",
    "updatedAt": "2025-04-29T03:11:30.120Z",
    "__v": 0
  },
  {
    "_id": "681043625d16b1d8c1205dcd",
    "userId": "680be19b299255a576d058c2",
    "username": "admin",
    "action": "Update Invoice",
    "location": "Updated Invoice with id {\"_id\":\"681032885a233be8f87d88ed\"}",
    "createdAt": "2025-04-29T03:11:30.395Z",
    "updatedAt": "2025-04-29T03:11:30.395Z",
    "__v": 0
  },
  {
    "_id": "68124ac9e4eaaa3f9b0e8270",
    "userId": "680be19b299255a576d058c2",
    "username": "admin",
    "action": "Create Invoice",
    "location": "Created Invoice for user with id 680d751695031fbaf1aeaed5",
    "createdAt": "2025-04-30T16:07:37.348Z",
    "updatedAt": "2025-04-30T16:07:37.348Z",
    "__v": 0
  },
  {
    "_id": "68128611342b968adb2dcd14",
    "userId": "680be19b299255a576d058c2",
    "username": "admin",
    "action": "Made Sales",
    "location": "Transaction Id 0xdnddn0j2",
    "createdAt": "2025-04-30T20:20:33.044Z",
    "updatedAt": "2025-04-30T20:20:33.044Z",
    "__v": 0
  },
  {
    "_id": "68128611342b968adb2dcd17",
    "userId": "680be19b299255a576d058c2",
    "username": "admin",
    "action": "Update Invoice",
    "location": "Updated Invoice with id {\"_id\":\"68124ac9e4eaaa3f9b0e826e\"}",
    "createdAt": "2025-04-30T20:20:33.302Z",
    "updatedAt": "2025-04-30T20:20:33.302Z",
    "__v": 0
  },
  {
    "_id": "6813d0651dd483057c8508e6",
    "userId": "680be19b299255a576d058c2",
    "username": "admin",
    "action": "Create Invoice",
    "location": "Created Invoice for user with id 6813c7831dd483057c850743",
    "createdAt": "2025-05-01T19:49:57.253Z",
    "updatedAt": "2025-05-01T19:49:57.253Z",
    "__v": 0
  },
  {
    "_id": "68299f19a7abb6691331ab23",
    "userId": "680be19b299255a576d058c2",
    "username": "admin",
    "action": "Made Sales",
    "location": "Transaction Id 0v97hhq6aj",
    "createdAt": "2025-05-18T08:49:29.813Z",
    "updatedAt": "2025-05-18T08:49:29.813Z",
    "__v": 0
  },
  {
    "_id": "6829e30e23ae20a9c222fe74",
    "userId": "680be19b299255a576d058c2",
    "username": "admin",
    "action": "Made Sales",
    "location": "Transaction Id 0me5n3ikp8",
    "createdAt": "2025-05-18T13:39:26.068Z",
    "updatedAt": "2025-05-18T13:39:26.068Z",
    "__v": 0
  },
  {
    "_id": "682cc81e202cde60e8275143",
    "userId": "680be19b299255a576d058c2",
    "username": "admin",
    "action": "Made Sales",
    "location": "Transaction Id 0h34tnycjl",
    "createdAt": "2025-05-20T18:21:18.985Z",
    "updatedAt": "2025-05-20T18:21:18.985Z",
    "__v": 0
  },
  {
    "_id": "682ccd88202cde60e8275248",
    "userId": "680be19b299255a576d058c2",
    "username": "admin",
    "action": "Made Sales",
    "location": "Transaction Id 0ps9pbo00y",
    "createdAt": "2025-05-20T18:44:24.384Z",
    "updatedAt": "2025-05-20T18:44:24.384Z",
    "__v": 0
  },
  {
    "_id": "682cce8e202cde60e827539f",
    "userId": "680be19b299255a576d058c2",
    "username": "admin",
    "action": "Made Sales",
    "location": "Transaction Id 0d2n62f647",
    "createdAt": "2025-05-20T18:48:46.290Z",
    "updatedAt": "2025-05-20T18:48:46.290Z",
    "__v": 0
  },
  {
    "_id": "682ccf30202cde60e82753c9",
    "userId": "680be19b299255a576d058c2",
    "username": "admin",
    "action": "Create Invoice",
    "location": "Created Invoice for user with id 682cce3b202cde60e8275289",
    "createdAt": "2025-05-20T18:51:28.905Z",
    "updatedAt": "2025-05-20T18:51:28.905Z",
    "__v": 0
  },
  {
    "_id": "6839c47c36866405f43dc6a2",
    "userId": "680be19b299255a576d058c2",
    "username": "admin",
    "action": "Made Sales",
    "location": "Transaction Id 0qeamyb4u5",
    "createdAt": "2025-05-30T14:45:16.390Z",
    "updatedAt": "2025-05-30T14:45:16.390Z",
    "__v": 0
  },
  {
    "_id": "6839c4a136866405f43dc6d2",
    "userId": "680be19b299255a576d058c2",
    "username": "admin",
    "action": "Made Sales",
    "location": "Transaction Id 0yfi7gq37s",
    "createdAt": "2025-05-30T14:45:53.344Z",
    "updatedAt": "2025-05-30T14:45:53.344Z",
    "__v": 0
  },
  {
    "_id": "6839c4de36866405f43dc70e",
    "userId": "680be19b299255a576d058c2",
    "username": "admin",
    "action": "Made Sales",
    "location": "Transaction Id 0p2qkujvfb",
    "createdAt": "2025-05-30T14:46:54.104Z",
    "updatedAt": "2025-05-30T14:46:54.104Z",
    "__v": 0
  },
  {
    "_id": "6839c51036866405f43dc75f",
    "userId": "680be19b299255a576d058c2",
    "username": "admin",
    "action": "Made Sales",
    "location": "Transaction Id 06s7il5ef2",
    "createdAt": "2025-05-30T14:47:44.986Z",
    "updatedAt": "2025-05-30T14:47:44.986Z",
    "__v": 0
  },
  {
    "_id": "6839c9066a25edf72cc40767",
    "userId": "6813e0f39e6f9f1158b49a97",
    "username": "mary",
    "action": "Made Sales",
    "location": "Transaction Id 0sr4zrcbfg",
    "createdAt": "2025-05-30T15:04:38.807Z",
    "updatedAt": "2025-05-30T15:04:38.807Z",
    "__v": 0
  },
  {
    "_id": "6839d5d86a25edf72cc407a1",
    "userId": "6813e0f39e6f9f1158b49a97",
    "username": "mary",
    "action": "Made Sales",
    "location": "Transaction Id 0xa3o495ns",
    "createdAt": "2025-05-30T15:59:20.846Z",
    "updatedAt": "2025-05-30T15:59:20.846Z",
    "__v": 0
  },
  {
    "_id": "6839d5f86a25edf72cc407cd",
    "userId": "6813e0f39e6f9f1158b49a97",
    "username": "mary",
    "action": "Made Sales",
    "location": "Transaction Id 0gzfle6ou2",
    "createdAt": "2025-05-30T15:59:52.295Z",
    "updatedAt": "2025-05-30T15:59:52.295Z",
    "__v": 0
  },
  {
    "_id": "6839d6256a25edf72cc40812",
    "userId": "6813e0f39e6f9f1158b49a97",
    "username": "mary",
    "action": "Made Sales",
    "location": "Transaction Id 0s1epoh7q9",
    "createdAt": "2025-05-30T16:00:37.209Z",
    "updatedAt": "2025-05-30T16:00:37.209Z",
    "__v": 0
  },
  {
    "_id": "6839d6d26a25edf72cc408e7",
    "userId": "6813e0f39e6f9f1158b49a97",
    "username": "mary",
    "action": "Made Sales",
    "location": "Transaction Id 06tle72nzt",
    "createdAt": "2025-05-30T16:03:30.528Z",
    "updatedAt": "2025-05-30T16:03:30.528Z",
    "__v": 0
  },
  {
    "_id": "6839dee26a25edf72cc40b35",
    "userId": "680be19b299255a576d058c2",
    "username": "admin",
    "action": "Made Sales",
    "location": "Transaction Id 0avly5m0ij",
    "createdAt": "2025-05-30T16:37:54.212Z",
    "updatedAt": "2025-05-30T16:37:54.212Z",
    "__v": 0
  },
  {
    "_id": "6839e5b56a25edf72cc40d11",
    "userId": "680be19b299255a576d058c2",
    "username": "admin",
    "action": "Made Sales",
    "location": "Transaction Id 0nyxwlyn10",
    "createdAt": "2025-05-30T17:07:01.865Z",
    "updatedAt": "2025-05-30T17:07:01.865Z",
    "__v": 0
  },
  {
    "_id": "6839f017cec9b9a4f361794e",
    "userId": "680be19b299255a576d058c2",
    "username": "admin",
    "action": "Made Sales",
    "location": "Transaction Id 04qbyv9b97",
    "createdAt": "2025-05-30T17:51:19.435Z",
    "updatedAt": "2025-05-30T17:51:19.435Z",
    "__v": 0
  },
  {
    "_id": "683a689dfed269ad463c29f6",
    "userId": "6813e0f39e6f9f1158b49a97",
    "username": "mary",
    "action": "Made Sales",
    "location": "Transaction Id 0re50kvatq",
    "createdAt": "2025-05-31T02:25:33.904Z",
    "updatedAt": "2025-05-31T02:25:33.904Z",
    "__v": 0
  },
  {
    "_id": "683ba62ed573c0bf6fa7f5a5",
    "userId": "6813e0f39e6f9f1158b49a97",
    "username": "mary",
    "action": "Made Sales",
    "location": "Transaction Id 0fn103gq6s",
    "createdAt": "2025-06-01T01:00:30.581Z",
    "updatedAt": "2025-06-01T01:00:30.581Z",
    "__v": 0
  },
  {
    "_id": "6842a1b5b2182b2a7cb27b71",
    "userId": "680be19b299255a576d058c2",
    "username": "admin",
    "action": "Made Sales",
    "location": "Transaction Id 0a5tpqk5ys",
    "createdAt": "2025-06-06T08:07:17.476Z",
    "updatedAt": "2025-06-06T08:07:17.476Z",
    "__v": 0
  },
  {
    "_id": "6842bb91642e24dcb8288793",
    "userId": "6813e0f39e6f9f1158b49a97",
    "username": "mary",
    "action": "Made Sales",
    "location": "Transaction Id 0hyet4lics",
    "createdAt": "2025-06-06T09:57:37.334Z",
    "updatedAt": "2025-06-06T09:57:37.334Z",
    "__v": 0
  },
  {
    "_id": "6842ff39c3cc5ebb16df33ca",
    "userId": "680be19b299255a576d058c2",
    "username": "chris",
    "action": "Made Sales",
    "location": "Transaction Id 0re6tt47rb",
    "createdAt": "2025-06-06T14:46:17.294Z",
    "updatedAt": "2025-06-06T14:46:17.294Z",
    "__v": 0
  },
  {
    "_id": "6842ff8cc3cc5ebb16df3470",
    "userId": "680be19b299255a576d058c2",
    "username": "chris",
    "action": "Made Sales",
    "location": "Transaction Id 0l041y2y7w",
    "createdAt": "2025-06-06T14:47:40.301Z",
    "updatedAt": "2025-06-06T14:47:40.301Z",
    "__v": 0
  },
  {
    "_id": "684304c482b47e7017d8f89e",
    "userId": "680be19b299255a576d058c2",
    "username": "chris",
    "action": "Made Sales",
    "location": "Transaction Id 00dgyyls6t",
    "createdAt": "2025-06-06T15:09:56.362Z",
    "updatedAt": "2025-06-06T15:09:56.362Z",
    "__v": 0
  },
  {
    "_id": "68431eb615c862294ad6cf99",
    "userId": "680be19b299255a576d058c2",
    "username": "chris",
    "action": "Made Sales",
    "location": "Transaction Id 0jywtgwsl4",
    "createdAt": "2025-06-06T17:00:38.619Z",
    "updatedAt": "2025-06-06T17:00:38.619Z",
    "__v": 0
  },
  {
    "_id": "684449f878e1cc6b5c31bc4c",
    "userId": "680be19b299255a576d058c2",
    "username": "chris",
    "action": "Made Sales",
    "location": "Transaction Id 056zvrem1a",
    "createdAt": "2025-06-07T14:17:28.198Z",
    "updatedAt": "2025-06-07T14:17:28.198Z",
    "__v": 0
  },
  {
    "_id": "6844abf0b19e265addfdbb60",
    "userId": "680be19b299255a576d058c2",
    "username": "chris",
    "action": "Made Sales",
    "location": "Transaction Id 09gsvzmspr",
    "createdAt": "2025-06-07T21:15:28.764Z",
    "updatedAt": "2025-06-07T21:15:28.764Z",
    "__v": 0
  },
  {
    "_id": "685563ac77324665f2b861a9",
    "userId": "680be19b299255a576d058c2",
    "username": "chris",
    "action": "Made Sales",
    "location": "Transaction Id 03wbkgqpnx",
    "createdAt": "2025-06-20T13:35:40.815Z",
    "updatedAt": "2025-06-20T13:35:40.815Z",
    "__v": 0
  },
  {
    "_id": "68558ae91bff282efc1a5f0c",
    "userId": "680be19b299255a576d058c2",
    "username": "chris",
    "action": "Made Sales",
    "location": "Transaction Id 0frmm0dsnt",
    "createdAt": "2025-06-20T16:23:05.616Z",
    "updatedAt": "2025-06-20T16:23:05.616Z",
    "__v": 0
  },
  {
    "_id": "6855949957dd67a9031f1d1f",
    "userId": "6813e0f39e6f9f1158b49a97",
    "username": "mary",
    "action": "Made Sales",
    "location": "Transaction Id 0dmomtmcq2",
    "createdAt": "2025-06-20T17:04:25.693Z",
    "updatedAt": "2025-06-20T17:04:25.693Z",
    "__v": 0
  }
]
