[
  {
    "_id": "680c3a64e42d2e8f3e55117c",
    "title": "samsung charging board",
    "category": "electronics",
    "purchasePrice": 0,
    "price": 1000,
    "purchases": [],
    "transfers": [],
    "roq": 50,
    "quantity": 279,
    "description": "",
    "brand": "",
    "weight": 1,
    "unit": "l",
    "barcode": "8232",
    "isAvailable": true,
    "sold": 21,
    "initiator": "admin",
    "location": "680be139299255a576d058ba",
    "createdAt": "2025-04-26T01:44:04.065Z",
    "updatedAt": "2025-06-06T14:47:40.266Z",
    "__v": 0
  },
  {
    "_id": "680c3dbee42d2e8f3e551180",
    "title": "iphones power flex",
    "category": "electronics",
    "purchasePrice": 0,
    "price": 1500,
    "purchases": [],
    "transfers": [],
    "roq": 30,
    "quantity": 2190,
    "description": "",
    "brand": "",
    "weight": 90,
    "unit": "ml",
    "barcode": "9889",
    "isAvailable": true,
    "sold": 10,
    "initiator": "admin",
    "location": "680be139299255a576d058ba",
    "createdAt": "2025-04-26T01:58:22.886Z",
    "updatedAt": "2025-06-20T17:04:25.691Z",
    "__v": 0
  },
  {
    "_id": "680c40a7f46f808dabac903a",
    "title": "redmi power buttons/switch",
    "category": "electronics",
    "purchasePrice": 0,
    "price": 1200,
    "purchases": [],
    "transfers": [],
    "roq": 20,
    "quantity": 4,
    "description": "",
    "brand": "",
    "weight": 1,
    "unit": "",
    "barcode": "lkiuvyucy",
    "isAvailable": false,
    "sold": 6,
    "initiator": "admin",
    "location": "680be139299255a576d058ba",
    "createdAt": "2025-04-26T02:10:47.184Z",
    "updatedAt": "2025-06-05T11:52:29.704Z",
    "__v": 0
  },
  {
    "_id": "680c4ae53c0a41e0fcf70558",
    "title": "huawei charging ports",
    "category": "electronics",
    "purchasePrice": 0,
    "price": 1300,
    "purchases": [],
    "transfers": [],
    "roq": 30,
    "quantity": 286,
    "description": "",
    "brand": "",
    "weight": 1,
    "unit": "",
    "barcode": "314312",
    "isAvailable": false,
    "sold": 14,
    "initiator": "admin",
    "location": "680be139299255a576d058ba",
    "createdAt": "2025-04-26T02:54:29.101Z",
    "updatedAt": "2025-06-05T11:49:32.260Z",
    "__v": 0
  },
  {
    "_id": "680c4b763c0a41e0fcf7055f",
    "title": "samsung battery clips",
    "category": "electronics",
    "purchasePrice": 0,
    "price": 400,
    "purchases": [],
    "transfers": [],
    "roq": 30,
    "quantity": 993,
    "description": "",
    "brand": "",
    "weight": 1,
    "unit": "",
    "barcode": "23fe4",
    "isAvailable": false,
    "sold": 7,
    "initiator": "admin",
    "location": "680be139299255a576d058ba",
    "createdAt": "2025-04-26T02:56:54.047Z",
    "updatedAt": "2025-06-05T11:53:07.862Z",
    "__v": 0
  },
  {
    "_id": "680c4c623c0a41e0fcf7056b",
    "title": "iphones cameras",
    "category": "electronics",
    "purchasePrice": 0,
    "price": 600,
    "purchases": [],
    "transfers": [],
    "roq": 10,
    "quantity": 194,
    "description": "",
    "brand": "",
    "weight": 0,
    "unit": "",
    "barcode": "q3232",
    "isAvailable": false,
    "sold": 6,
    "initiator": "admin",
    "location": "680be139299255a576d058ba",
    "createdAt": "2025-04-26T03:00:50.591Z",
    "updatedAt": "2025-06-05T11:50:38.061Z",
    "__v": 0
  },
  {
    "_id": "680c4c973c0a41e0fcf7056e",
    "title": "tecnos cameras",
    "category": "electronics",
    "purchasePrice": 0,
    "price": 100,
    "purchases": [],
    "transfers": [],
    "roq": 10,
    "quantity": 996,
    "description": "",
    "brand": "",
    "weight": null,
    "unit": "",
    "barcode": "23ed3",
    "isAvailable": true,
    "sold": 4,
    "initiator": "admin",
    "location": "680be139299255a576d058ba",
    "createdAt": "2025-04-26T03:01:43.625Z",
    "updatedAt": "2025-06-06T14:47:40.257Z",
    "__v": 0
  },
  {
    "_id": "680c4d423c0a41e0fcf7057a",
    "title": "tecno  power ic",
    "category": "electronics",
    "purchasePrice": 0,
    "price": 200,
    "purchases": [],
    "transfers": [],
    "roq": 10,
    "quantity": 105,
    "description": "",
    "brand": "",
    "weight": 1,
    "unit": "",
    "barcode": "12eew",
    "isAvailable": true,
    "sold": 5,
    "initiator": "admin",
    "location": "680be139299255a576d058ba",
    "createdAt": "2025-04-26T03:04:34.702Z",
    "updatedAt": "2025-06-06T14:47:40.276Z",
    "__v": 0
  },
  {
    "_id": "680c4d633c0a41e0fcf7057d",
    "title": "tecno  sound ic",
    "category": "electronics",
    "purchasePrice": 0,
    "price": 300,
    "purchases": [],
    "transfers": [],
    "roq": 10,
    "quantity": 2495,
    "description": "",
    "brand": "",
    "weight": 20,
    "unit": "",
    "barcode": "23rrderf",
    "isAvailable": true,
    "sold": 5,
    "initiator": "admin",
    "location": "680be139299255a576d058ba",
    "createdAt": "2025-04-26T03:05:07.438Z",
    "updatedAt": "2025-06-20T16:23:05.613Z",
    "__v": 0
  },
  {
    "_id": "680c4e7b3c0a41e0fcf70588",
    "title": "main flex/lcd flex",
    "category": "electronics",
    "purchasePrice": 0,
    "price": 1200,
    "purchases": [],
    "transfers": [],
    "roq": 300,
    "quantity": 939,
    "description": "",
    "brand": "",
    "weight": 1,
    "unit": "",
    "barcode": "gp89g878t98",
    "isAvailable": false,
    "sold": 77,
    "initiator": "admin",
    "location": "680be139299255a576d058ba",
    "createdAt": "2025-04-26T03:09:47.107Z",
    "updatedAt": "2025-06-05T11:51:13.315Z",
    "__v": 0
  },
  {
    "_id": "680c4e9a3c0a41e0fcf7058b",
    "title": "camera glasses",
    "category": "electronics",
    "purchasePrice": 0,
    "price": 450,
    "purchases": [],
    "transfers": [],
    "roq": 20,
    "quantity": 1487,
    "description": "",
    "brand": "",
    "weight": 1,
    "unit": "",
    "barcode": "ewioru382",
    "isAvailable": true,
    "sold": 13,
    "initiator": "admin",
    "location": "680be139299255a576d058ba",
    "createdAt": "2025-04-26T03:10:18.060Z",
    "updatedAt": "2025-06-06T00:43:14.075Z",
    "__v": 0
  },
  {
    "_id": "680c4ed93c0a41e0fcf7058e",
    "title": "finger print flex",
    "category": "electronics",
    "purchasePrice": 0,
    "price": 540,
    "purchases": [],
    "transfers": [],
    "roq": 10,
    "quantity": 529,
    "description": "",
    "brand": "",
    "weight": 1,
    "unit": "",
    "barcode": "2384ye",
    "isAvailable": true,
    "sold": 11,
    "initiator": "admin",
    "location": "680be139299255a576d058ba",
    "createdAt": "2025-04-26T03:11:21.498Z",
    "updatedAt": "2025-06-06T14:47:40.164Z",
    "__v": 0
  },
  {
    "_id": "680c4f063c0a41e0fcf70591",
    "title": "home keys",
    "category": "electronics",
    "purchasePrice": 0,
    "price": 400,
    "purchases": [],
    "transfers": [],
    "roq": 10,
    "quantity": 1984,
    "description": "",
    "brand": "",
    "weight": 1,
    "unit": "",
    "barcode": "9u9d823r",
    "isAvailable": true,
    "sold": 16,
    "initiator": "admin",
    "location": "680be139299255a576d058ba",
    "createdAt": "2025-04-26T03:12:06.205Z",
    "updatedAt": "2025-06-20T17:04:25.679Z",
    "__v": 0
  },
  {
    "_id": "680c4f1d3c0a41e0fcf70594",
    "title": "mouthpiece",
    "category": "electronics",
    "purchasePrice": 0,
    "price": 300,
    "purchases": [],
    "transfers": [],
    "roq": 10,
    "quantity": 1995,
    "description": "",
    "brand": "",
    "weight": 1,
    "unit": "",
    "barcode": "3o8y483e",
    "isAvailable": false,
    "sold": 5,
    "initiator": "admin",
    "location": "680be139299255a576d058ba",
    "createdAt": "2025-04-26T03:12:29.508Z",
    "updatedAt": "2025-06-05T11:51:30.070Z",
    "__v": 0
  },
  {
    "_id": "680c4f373c0a41e0fcf70597",
    "title": "network wires",
    "category": "electronics",
    "purchasePrice": 0,
    "price": 480,
    "purchases": [],
    "transfers": [],
    "roq": 10,
    "quantity": 993,
    "description": "",
    "brand": "",
    "weight": 1,
    "unit": "",
    "barcode": "2io90uf",
    "isAvailable": false,
    "sold": 7,
    "initiator": "admin",
    "location": "680be139299255a576d058ba",
    "createdAt": "2025-04-26T03:12:55.434Z",
    "updatedAt": "2025-06-05T11:52:10.909Z",
    "__v": 0
  },
  {
    "_id": "680c4f543c0a41e0fcf7059a",
    "title": "iphone screws",
    "category": "electronics",
    "purchasePrice": 0,
    "price": 20,
    "purchases": [],
    "transfers": [],
    "roq": 100,
    "quantity": 1983,
    "description": "",
    "brand": "",
    "weight": 1,
    "unit": "",
    "barcode": "oie90f",
    "isAvailable": false,
    "sold": 17,
    "initiator": "admin",
    "location": "680be139299255a576d058ba",
    "createdAt": "2025-04-26T03:13:24.848Z",
    "updatedAt": "2025-06-05T11:50:11.244Z",
    "__v": 0
  },
  {
    "_id": "680c4f8e3c0a41e0fcf7059d",
    "title": "andriod screws",
    "category": "electronics",
    "purchasePrice": 0,
    "price": 30,
    "purchases": [],
    "transfers": [],
    "roq": 100,
    "quantity": 3886,
    "description": "",
    "brand": "",
    "weight": 1,
    "unit": "",
    "barcode": "28rdhi",
    "isAvailable": true,
    "sold": 115,
    "initiator": "admin",
    "location": "680be139299255a576d058ba",
    "createdAt": "2025-04-26T03:14:22.035Z",
    "updatedAt": "2025-06-20T17:04:25.670Z",
    "__v": 0
  },
  {
    "_id": "680c4fac3c0a41e0fcf705a0",
    "title": "speakers",
    "category": "electronics",
    "purchasePrice": 0,
    "price": 300,
    "purchases": [],
    "transfers": [],
    "roq": 10,
    "quantity": 1997,
    "description": "",
    "brand": "",
    "weight": 1,
    "unit": "",
    "barcode": "294ur9ui3r",
    "isAvailable": false,
    "sold": 3,
    "initiator": "admin",
    "location": "680be139299255a576d058ba",
    "createdAt": "2025-04-26T03:14:52.051Z",
    "updatedAt": "2025-06-05T11:57:50.358Z",
    "__v": 0
  },
  {
    "_id": "680c4fc23c0a41e0fcf705a3",
    "title": "sim connectors",
    "category": "electronics",
    "purchasePrice": 0,
    "price": 1400,
    "purchases": [],
    "transfers": [],
    "roq": 20,
    "quantity": 1997,
    "description": "",
    "brand": "",
    "weight": 1,
    "unit": "",
    "barcode": "209y8dh",
    "isAvailable": false,
    "sold": 3,
    "initiator": "admin",
    "location": "680be139299255a576d058ba",
    "createdAt": "2025-04-26T03:15:14.425Z",
    "updatedAt": "2025-06-05T11:53:33.677Z",
    "__v": 0
  },
  {
    "_id": "680c4ffc3c0a41e0fcf705a6",
    "title": "sim tray",
    "category": "electronics",
    "purchasePrice": 0,
    "price": 1200,
    "purchases": [],
    "transfers": [],
    "roq": 20,
    "quantity": 1498,
    "description": "",
    "brand": "",
    "weight": 1,
    "unit": "",
    "barcode": "i2398y3d",
    "isAvailable": false,
    "sold": 2,
    "initiator": "admin",
    "location": "680be139299255a576d058ba",
    "createdAt": "2025-04-26T03:16:12.569Z",
    "updatedAt": "2025-06-05T11:57:13.772Z",
    "__v": 0
  },
  {
    "_id": "680c50183c0a41e0fcf705a9",
    "title": "sim flex",
    "category": "electronics",
    "purchasePrice": 0,
    "price": 400,
    "purchases": [],
    "transfers": [],
    "roq": 10,
    "quantity": 0,
    "description": "",
    "brand": "",
    "weight": 1,
    "unit": "",
    "barcode": "209u3",
    "isAvailable": false,
    "sold": 0,
    "initiator": "admin",
    "location": "680be139299255a576d058ba",
    "createdAt": "2025-04-26T03:16:40.813Z",
    "updatedAt": "2025-06-05T11:53:49.007Z",
    "__v": 0
  },
  {
    "_id": "682b216b0ab0a1fb91fafb5f",
    "title": "finger print fix",
    "category": "tecno finger print flex",
    "purchasePrice": 0,
    "price": 100,
    "purchases": [],
    "transfers": [],
    "roq": 10,
    "quantity": 0,
    "description": "this is the description",
    "brand": "tecno",
    "weight": 10,
    "unit": "oz",
    "barcode": "loig9hjop",
    "isAvailable": true,
    "sold": 0,
    "initiator": "admin",
    "location": "680be139299255a576d058ba",
    "createdAt": "2025-05-19T12:17:47.170Z",
    "updatedAt": "2025-06-06T00:43:41.490Z",
    "__v": 0
  },
  {
    "_id": "68343d465f3aa3e0d61bebe1",
    "title": "thing",
    "category": "finger print flex",
    "purchasePrice": 0,
    "price": 2000,
    "purchases": [],
    "transfers": [],
    "roq": 10,
    "quantity": 199,
    "description": "",
    "brand": "",
    "weight": null,
    "unit": "",
    "barcode": "thing200010ugilfluhoil",
    "isAvailable": true,
    "sold": 1,
    "initiator": "admin",
    "location": "680be139299255a576d058ba",
    "createdAt": "2025-05-26T10:07:02.959Z",
    "updatedAt": "2025-06-06T14:47:40.233Z",
    "__v": 0
  },
  {
    "_id": "683644e7f924a9cf4519ae0f",
    "title": "x-printer",
    "category": "finger print flex",
    "purchasePrice": 0,
    "price": 18000,
    "purchases": [],
    "transfers": [],
    "roq": 10,
    "quantity": 38,
    "description": "Small size",
    "brand": "mini",
    "weight": null,
    "unit": "",
    "barcode": "M5809-BU2212210646",
    "isAvailable": true,
    "sold": 2,
    "initiator": "admin",
    "location": "680be139299255a576d058ba",
    "createdAt": "2025-05-27T23:04:07.529Z",
    "updatedAt": "2025-06-06T14:47:40.244Z",
    "__v": 0
  },
  {
    "_id": "683a6625dc64544a73f44bd2",
    "title": "bnc",
    "category": "finger print flex",
    "purchasePrice": 0,
    "price": 3000,
    "purchases": [],
    "transfers": [],
    "roq": 10,
    "quantity": 296,
    "description": "",
    "brand": "",
    "weight": 1,
    "unit": "",
    "barcode": "7935182101845",
    "isAvailable": true,
    "sold": 5,
    "initiator": "admin",
    "location": "680be139299255a576d058ba",
    "createdAt": "2025-05-31T02:15:01.114Z",
    "updatedAt": "2025-06-20T13:35:40.812Z",
    "__v": 0
  },
  {
    "_id": "6842f544c04cd36de9264a94",
    "title": "mine",
    "category": "finger print flex",
    "purchasePrice": 0,
    "price": 3000,
    "purchases": [],
    "transfers": [],
    "roq": 10,
    "quantity": 880,
    "description": "",
    "brand": "",
    "weight": null,
    "unit": "",
    "barcode": "9789789589340",
    "isAvailable": true,
    "sold": 10,
    "initiator": "chris",
    "location": "680be139299255a576d058ba",
    "createdAt": "2025-06-06T14:03:48.799Z",
    "updatedAt": "2025-06-06T17:16:19.589Z",
    "__v": 0
  },
  {
    "_id": "6842f7d4c04cd36de9264ac4",
    "title": "those",
    "category": "screen flex",
    "purchasePrice": 0,
    "price": 3000,
    "purchases": [],
    "transfers": [],
    "roq": 20,
    "quantity": 0,
    "description": "password",
    "brand": "my brand",
    "weight": null,
    "unit": "",
    "barcode": "20230219479",
    "isAvailable": true,
    "sold": 0,
    "initiator": "chris",
    "location": "680be139299255a576d058ba",
    "createdAt": "2025-06-06T14:14:44.331Z",
    "updatedAt": "2025-06-06T14:14:44.331Z",
    "__v": 0
  }
]
